,customer_id,0,1,predicted
0,4531-AUZNK,0.8412698412698413,0.15873015873015872,0
1,2296-DKZFP,0.992526158445441,0.007473841554559043,0
2,9692-TUSXH,0.4713804713804714,0.5286195286195287,1
3,5129-JLPIS,0.4713804713804714,0.5286195286195287,1
4,1273-MTETI,0.28761061946902655,0.7123893805309734,1
5,8757-TFHHJ,0.4158415841584158,0.5841584158415841,1
6,1322-AGOQM,0.7563025210084033,0.24369747899159663,0
7,0743-HRVFF,0.8823529411764706,0.11764705882352941,0
8,0943-ZQPXH,0.6371308016877637,0.3628691983122363,0
9,3932-CMDTD,0.6893203883495146,0.3106796116504854,0
10,6892-BOGQE,0.992526158445441,0.007473841554559043,0
11,0224-HJAPT,0.4158415841584158,0.5841584158415841,1
12,2439-LYPMQ,0.4713804713804714,0.5286195286195287,1
13,7924-GJZFI,0.4713804713804714,0.5286195286195287,1
14,0823-HSCDJ,0.7563025210084033,0.24369747899159663,0
15,4826-TZEVA,0.6371308016877637,0.3628691983122363,0
16,5151-HQRDG,0.8978723404255319,0.10212765957446808,0
17,6734-GMPVK,0.28761061946902655,0.7123893805309734,1
18,3951-NJCVI,0.4713804713804714,0.5286195286195287,1
19,0733-VUNUW,0.8978723404255319,0.10212765957446808,0
20,3571-DPYUH,0.8412698412698413,0.15873015873015872,0
21,9824-QCJPK,0.9859154929577465,0.014084507042253521,0
22,7876-DNYAP,0.992526158445441,0.007473841554559043,0
23,3890-RTCMS,0.8166666666666667,0.18333333333333332,0
24,7594-RQHXR,0.13380281690140844,0.8661971830985915,1
25,3229-USWAR,0.9414414414414415,0.05855855855855856,0
26,5995-LFTLE,0.992526158445441,0.007473841554559043,0
27,1456-TWCGB,0.4158415841584158,0.5841584158415841,1
28,1552-TKMXS,0.8978723404255319,0.10212765957446808,0
29,3276-HDUEG,0.13380281690140844,0.8661971830985915,1
30,0302-JOIVN,0.448559670781893,0.551440329218107,1
31,2830-LEWOA,0.6893203883495146,0.3106796116504854,0
32,5649-TJHOV,0.7563025210084033,0.24369747899159663,0
33,5886-VLQVU,0.6371308016877637,0.3628691983122363,0
34,1395-WSWXR,0.992526158445441,0.007473841554559043,0
35,6518-LGAOV,0.4713804713804714,0.5286195286195287,1
36,4514-GFCFI,0.4713804713804714,0.5286195286195287,1
37,1635-FJFCC,0.4158415841584158,0.5841584158415841,1
38,7611-YKYTC,0.6371308016877637,0.3628691983122363,0
39,5829-NVSQN,0.9414414414414415,0.05855855855855856,0
40,0394-YONDK,0.992526158445441,0.007473841554559043,0
41,0991-BRRFB,0.8978723404255319,0.10212765957446808,0
42,5980-BDHPY,0.992526158445441,0.007473841554559043,0
43,8249-THVEC,0.9859154929577465,0.014084507042253521,0
44,5039-LZRQT,0.9859154929577465,0.014084507042253521,0
45,9115-YQHGA,0.8978723404255319,0.10212765957446808,0
46,8174-LNWMW,0.992526158445441,0.007473841554559043,0
47,5038-ETMLM,1.0,0.0,0
48,6815-ABQFQ,0.6893203883495146,0.3106796116504854,0
49,8086-OVPWV,0.448559670781893,0.551440329218107,1
50,5451-MHQOF,0.9859154929577465,0.014084507042253521,0
51,1991-VOPLL,0.8166666666666667,0.18333333333333332,0
52,6725-TPKJO,0.992526158445441,0.007473841554559043,0
53,8879-ZKJOF,0.9414414414414415,0.05855855855855856,0
54,3597-YASZG,0.9310344827586207,0.06896551724137931,0
55,2969-WGHQO,0.9414414414414415,0.05855855855855856,0
56,8006-PYCSW,0.8227848101265823,0.17721518987341772,0
57,3347-YJZZE,0.8978723404255319,0.10212765957446808,0
58,1696-MZVAU,0.8823529411764706,0.11764705882352941,0
59,5931-FLJJF,0.448559670781893,0.551440329218107,1
60,3440-JPSCL,0.448559670781893,0.551440329218107,1
61,7923-IYJWY,0.7547169811320755,0.24528301886792453,0
62,8718-PTMEZ,0.7563025210084033,0.24369747899159663,0
63,0067-DKWBL,0.4158415841584158,0.5841584158415841,1
64,6625-IUTTT,0.992526158445441,0.007473841554559043,0
65,8637-XJIVR,0.28761061946902655,0.7123893805309734,1
66,2509-TFPJU,0.992526158445441,0.007473841554559043,0
67,0464-WJTKO,0.992526158445441,0.007473841554559043,0
68,8292-FRFZQ,0.9414414414414415,0.05855855855855856,0
69,6844-DZKRF,0.6363636363636364,0.36363636363636365,0
70,3249-ZPQRG,0.28761061946902655,0.7123893805309734,1
71,7580-UGXNC,0.4158415841584158,0.5841584158415841,1
72,3050-RLLXC,0.992526158445441,0.007473841554559043,0
73,0581-BXBUB,0.448559670781893,0.551440329218107,1
74,8552-OBVRU,0.4713804713804714,0.5286195286195287,1
75,2388-LAESQ,1.0,0.0,0
76,4488-PSYCG,0.8166666666666667,0.18333333333333332,0
77,9436-ZBZCT,0.28761061946902655,0.7123893805309734,1
78,2074-GKOWZ,0.448559670781893,0.551440329218107,1
79,9753-OYLBX,0.5760869565217391,0.42391304347826086,0
80,3055-MJDSB,0.43478260869565216,0.5652173913043478,1
81,5781-RFZRP,0.992526158445441,0.007473841554559043,0
82,9761-XUJWD,0.6363636363636364,0.36363636363636365,0
83,0118-JPNOY,0.6371308016877637,0.3628691983122363,0
84,8874-EJNSR,0.992526158445441,0.007473841554559043,0
85,2867-UIMSS,0.13380281690140844,0.8661971830985915,1
86,9975-GPKZU,0.992526158445441,0.007473841554559043,0
87,6100-QQHEB,0.4713804713804714,0.5286195286195287,1
88,2896-TBNBE,0.8823529411764706,0.11764705882352941,0
89,7359-WWYJV,1.0,0.0,0
90,6646-JPPHA,0.448559670781893,0.551440329218107,1
91,5550-VFRLC,0.13380281690140844,0.8661971830985915,1
92,2202-CUYXZ,0.13380281690140844,0.8661971830985915,1
93,8035-PWSEV,0.448559670781893,0.551440329218107,1
94,3703-KBKZP,0.6371308016877637,0.3628691983122363,0
95,5599-HVLTW,0.28761061946902655,0.7123893805309734,1
96,5382-TEMLV,0.8978723404255319,0.10212765957446808,0
97,6339-TBELP,0.992526158445441,0.007473841554559043,0
98,7207-RMRDB,0.7090909090909091,0.2909090909090909,0
99,2469-DTSGX,1.0,0.0,0
100,3704-IEAXF,0.992526158445441,0.007473841554559043,0
101,6368-TZZDT,0.992526158445441,0.007473841554559043,0
102,7129-AZJDE,0.8823529411764706,0.11764705882352941,0
103,6407-GSJNL,0.992526158445441,0.007473841554559043,0
104,9150-HEPMB,0.9414414414414415,0.05855855855855856,0
105,1506-YJTYT,0.992526158445441,0.007473841554559043,0
106,7134-HBPBS,1.0,0.0,0
107,3635-QQRQD,0.992526158445441,0.007473841554559043,0
108,6549-NNDYT,0.7563025210084033,0.24369747899159663,0
109,9796-BPKIW,0.448559670781893,0.551440329218107,1
110,8069-YQQAJ,0.7563025210084033,0.24369747899159663,0
111,8242-SOQUO,0.448559670781893,0.551440329218107,1
112,3308-DGHKL,0.992526158445441,0.007473841554559043,0
113,8740-CRYFY,0.13380281690140844,0.8661971830985915,1
114,8109-YUOHE,0.9414414414414415,0.05855855855855856,0
115,3976-NLDEZ,0.5760869565217391,0.42391304347826086,0
116,6248-BSHKG,0.9859154929577465,0.014084507042253521,0
117,3970-XGJDU,0.992526158445441,0.007473841554559043,0
118,0634-SZPQA,0.6371308016877637,0.3628691983122363,0
119,2589-AYCRP,0.9859154929577465,0.014084507042253521,0
120,3800-LYTRK,0.9414414414414415,0.05855855855855856,0
121,6563-VRERX,0.9859154929577465,0.014084507042253521,0
122,9938-ZREHM,0.8823529411764706,0.11764705882352941,0
123,2220-IAHLS,0.5760869565217391,0.42391304347826086,0
124,8979-CAMGB,0.9310344827586207,0.06896551724137931,0
125,0270-THENM,0.992526158445441,0.007473841554559043,0
126,9611-CTWIH,0.448559670781893,0.551440329218107,1
127,8885-QSQBX,0.4158415841584158,0.5841584158415841,1
128,9030-QGZNL,0.992526158445441,0.007473841554559043,0
129,2810-FTLEM,0.8166666666666667,0.18333333333333332,0
130,6350-XFYGW,0.448559670781893,0.551440329218107,1
131,6993-YGFJV,0.7547169811320755,0.24528301886792453,0
132,4097-YODCF,0.6893203883495146,0.3106796116504854,0
133,0376-OIWME,0.4713804713804714,0.5286195286195287,1
134,5022-JNQEQ,0.448559670781893,0.551440329218107,1
135,5515-AKOAJ,0.7090909090909091,0.2909090909090909,0
136,6956-SMUCM,0.448559670781893,0.551440329218107,1
137,5103-MHMHY,0.4158415841584158,0.5841584158415841,1
138,9391-DXGGG,0.8823529411764706,0.11764705882352941,0
139,7519-JTWQH,0.7547169811320755,0.24528301886792453,0
140,6131-FOYAS,0.8978723404255319,0.10212765957446808,0
141,9681-OXGVC,0.28761061946902655,0.7123893805309734,1
142,1977-STDKI,0.13380281690140844,0.8661971830985915,1
143,7302-ZHMHP,0.5760869565217391,0.42391304347826086,0
144,0661-XEYAN,0.4158415841584158,0.5841584158415841,1
145,6007-TCTST,1.0,0.0,0
146,1682-VCOIO,0.9859154929577465,0.014084507042253521,0
147,2454-RPBRZ,0.28761061946902655,0.7123893805309734,1
148,8710-YGLWG,0.4158415841584158,0.5841584158415841,1
149,0742-LAFQK,0.8888888888888888,0.1111111111111111,0
150,7064-JHXCE,0.992526158445441,0.007473841554559043,0
151,8242-JSVBO,0.8166666666666667,0.18333333333333332,0
152,1471-GIQKQ,0.4158415841584158,0.5841584158415841,1
153,6778-EICRF,0.9414414414414415,0.05855855855855856,0
154,1360-XFJMR,0.9310344827586207,0.06896551724137931,0
155,5702-KVQRD,1.0,0.0,0
156,7602-MVRMB,1.0,0.0,0
157,0236-HFWSV,0.28761061946902655,0.7123893805309734,1
158,0880-FVFWF,0.7090909090909091,0.2909090909090909,0
159,9052-DHNKM,0.9414414414414415,0.05855855855855856,0
160,6121-TNHBO,0.9414414414414415,0.05855855855855856,0
161,4693-VWVBO,0.8227848101265823,0.17721518987341772,0
162,1565-RHDJD,0.28761061946902655,0.7123893805309734,1
163,0696-UKTOX,0.8978723404255319,0.10212765957446808,0
164,8267-KFGYD,0.5760869565217391,0.42391304347826086,0
165,2632-TACXW,0.992526158445441,0.007473841554559043,0
166,1744-JHKYS,0.8978723404255319,0.10212765957446808,0
167,0578-SKVMF,0.4713804713804714,0.5286195286195287,1
168,0670-KDOMA,0.5760869565217391,0.42391304347826086,0
169,8065-BVEPF,0.8636363636363636,0.13636363636363635,0
170,3301-VKTGC,0.9414414414414415,0.05855855855855856,0
171,7660-HDPJV,0.13380281690140844,0.8661971830985915,1
172,2843-CQMEG,0.8978723404255319,0.10212765957446808,0
173,6870-ZWMNX,0.992526158445441,0.007473841554559043,0
174,1403-LKLIK,0.9859154929577465,0.014084507042253521,0
175,2446-BEGGB,0.28761061946902655,0.7123893805309734,1
176,6164-HAQTX,0.992526158445441,0.007473841554559043,0
177,3387-VATUS,0.28761061946902655,0.7123893805309734,1
178,3407-JMJQQ,0.7547169811320755,0.24528301886792453,0
179,3580-HYCSP,1.0,0.0,0
180,5453-AXEPF,0.6371308016877637,0.3628691983122363,0
181,4132-KALRO,0.28761061946902655,0.7123893805309734,1
182,6506-EYCNH,0.8978723404255319,0.10212765957446808,0
183,6400-BWQKW,0.28761061946902655,0.7123893805309734,1
184,6916-HIJSE,0.992526158445441,0.007473841554559043,0
185,5186-PEIZU,0.8978723404255319,0.10212765957446808,0
186,6048-NJXHX,0.875,0.125,0
187,6134-KWTBV,0.992526158445441,0.007473841554559043,0
188,6289-CPNLD,0.8823529411764706,0.11764705882352941,0
189,5312-UXESG,0.6371308016877637,0.3628691983122363,0
190,2514-GINMM,0.13380281690140844,0.8661971830985915,1
191,2580-ASVVY,0.875,0.125,0
192,6416-JNVRK,0.8823529411764706,0.11764705882352941,0
193,3739-YBWAB,0.9414414414414415,0.05855855855855856,0
194,6917-YACBP,0.7090909090909091,0.2909090909090909,0
195,8614-VGMMV,0.8166666666666667,0.18333333333333332,0
196,5181-OABFK,0.992526158445441,0.007473841554559043,0
197,2977-CEBSX,0.992526158445441,0.007473841554559043,0
198,1624-NALOJ,0.28761061946902655,0.7123893805309734,1
199,5495-GPSRW,0.992526158445441,0.007473841554559043,0
200,6303-KFWSL,0.8823529411764706,0.11764705882352941,0
201,5624-BQSSA,0.5760869565217391,0.42391304347826086,0
202,6681-ZSEXG,0.992526158445441,0.007473841554559043,0
203,9185-TQCVP,0.28761061946902655,0.7123893805309734,1
204,8272-ONJLV,0.8412698412698413,0.15873015873015872,0
205,3398-ZOUAA,0.4713804713804714,0.5286195286195287,1
206,9140-CZQZZ,0.992526158445441,0.007473841554559043,0
207,6418-PIQSP,0.992526158445441,0.007473841554559043,0
208,9637-EIHEQ,0.6363636363636364,0.36363636363636365,0
209,9953-ZMKSM,0.992526158445441,0.007473841554559043,0
210,9830-ECLEN,0.9414414414414415,0.05855855855855856,0
211,9058-CBREO,0.4158415841584158,0.5841584158415841,1
212,5321-NTRKC,0.992526158445441,0.007473841554559043,0
213,4654-DLAMQ,0.8412698412698413,0.15873015873015872,0
214,4673-KKSLS,0.4713804713804714,0.5286195286195287,1
215,1031-IIDEO,0.13380281690140844,0.8661971830985915,1
216,3512-IZIKN,0.992526158445441,0.007473841554559043,0
217,4439-JMPMT,0.448559670781893,0.551440329218107,1
218,0027-KWYKW,0.4713804713804714,0.5286195286195287,1
219,4291-YZODP,0.9859154929577465,0.014084507042253521,0
220,0212-ISBBF,0.7563025210084033,0.24369747899159663,0
221,3014-WJKSM,0.6371308016877637,0.3628691983122363,0
222,0411-EZJZE,0.4158415841584158,0.5841584158415841,1
223,6698-OXETB,0.992526158445441,0.007473841554559043,0
224,0193-ESZXP,0.6893203883495146,0.3106796116504854,0
225,6202-JVYEU,0.9859154929577465,0.014084507042253521,0
226,1848-LBZHY,0.8166666666666667,0.18333333333333332,0
227,8161-QYMTT,0.28761061946902655,0.7123893805309734,1
228,0454-OKRCT,0.992526158445441,0.007473841554559043,0
229,1215-EXRMO,0.992526158445441,0.007473841554559043,0
230,0931-MHTEM,0.8412698412698413,0.15873015873015872,0
231,5985-BEHZK,1.0,0.0,0
232,9921-EZKBY,0.6371308016877637,0.3628691983122363,0
233,4878-BUNFV,0.992526158445441,0.007473841554559043,0
234,4811-JBUVU,0.6371308016877637,0.3628691983122363,0
235,5673-FSSMF,0.4158415841584158,0.5841584158415841,1
236,4301-VVZKA,0.4713804713804714,0.5286195286195287,1
237,4828-FAZPK,0.6371308016877637,0.3628691983122363,0
238,6000-UKLWI,0.992526158445441,0.007473841554559043,0
239,7395-XWZOY,0.7563025210084033,0.24369747899159663,0
240,6380-ARCEH,0.5760869565217391,0.42391304347826086,0
241,3729-OWRVL,0.9310344827586207,0.06896551724137931,0
242,2856-HYAPG,0.13380281690140844,0.8661971830985915,1
243,7856-GANIL,0.8412698412698413,0.15873015873015872,0
244,4459-BBGHE,0.7563025210084033,0.24369747899159663,0
245,9661-JALZV,0.992526158445441,0.007473841554559043,0
246,7753-USQYQ,0.8823529411764706,0.11764705882352941,0
247,1015-JPFYW,0.9859154929577465,0.014084507042253521,0
248,7665-NKLAV,0.992526158445441,0.007473841554559043,0
249,9053-EJUNL,0.4713804713804714,0.5286195286195287,1
250,5117-ZSMHQ,0.992526158445441,0.007473841554559043,0
251,0117-LFRMW,0.7563025210084033,0.24369747899159663,0
252,9389-ACWBI,0.448559670781893,0.551440329218107,1
253,6946-LMSQS,0.9414414414414415,0.05855855855855856,0
254,1725-MIMXW,0.5760869565217391,0.42391304347826086,0
255,3996-ZNWYK,0.96,0.04,0
256,0899-WZRSD,0.8636363636363636,0.13636363636363635,0
257,8815-LMFLX,0.8978723404255319,0.10212765957446808,0
258,0699-NDKJM,0.7563025210084033,0.24369747899159663,0
259,2424-WVHPL,0.5,0.5,0
260,6797-LNAQX,0.9310344827586207,0.06896551724137931,0
261,2043-WVTQJ,0.4158415841584158,0.5841584158415841,1
262,4057-FKCZK,0.992526158445441,0.007473841554559043,0
263,8512-WIWYV,0.9859154929577465,0.014084507042253521,0
264,5135-GRQJV,1.0,0.0,0
265,5597-GLBUC,0.13380281690140844,0.8661971830985915,1
266,7997-EASSD,0.8823529411764706,0.11764705882352941,0
267,4785-FCIFB,0.992526158445441,0.007473841554559043,0
268,1755-FZQEC,0.9859154929577465,0.014084507042253521,0
269,5364-XYIRR,0.4713804713804714,0.5286195286195287,1
270,7572-KPVKK,0.9310344827586207,0.06896551724137931,0
271,5115-SQAAU,0.992526158445441,0.007473841554559043,0
272,6147-CBCRA,0.8978723404255319,0.10212765957446808,0
273,3692-JHONH,0.6893203883495146,0.3106796116504854,0
274,1088-CNNKB,0.9414414414414415,0.05855855855855856,0
275,3810-DVDQQ,1.0,0.0,0
276,7831-QGOXH,0.4713804713804714,0.5286195286195287,1
277,3474-BAFSJ,0.992526158445441,0.007473841554559043,0
278,3842-IYKUE,0.6371308016877637,0.3628691983122363,0
279,8519-QJGJD,0.448559670781893,0.551440329218107,1
280,9747-DDZOS,0.13380281690140844,0.8661971830985915,1
281,4106-HADHQ,0.9414414414414415,0.05855855855855856,0
282,0017-IUDMW,1.0,0.0,0
283,4763-PGDPO,0.448559670781893,0.551440329218107,1
284,8751-EDEKA,0.6371308016877637,0.3628691983122363,0
285,3104-OWCGK,0.8823529411764706,0.11764705882352941,0
286,3148-BLQJT,0.5760869565217391,0.42391304347826086,0
287,2815-CPTUL,0.448559670781893,0.551440329218107,1
288,5073-WXOYN,0.7563025210084033,0.24369747899159663,0
289,4760-THGOT,0.4713804713804714,0.5286195286195287,1
290,2724-FJDYW,0.8823529411764706,0.11764705882352941,0
291,7639-OPLNG,0.992526158445441,0.007473841554559043,0
292,3298-QEICA,0.992526158445441,0.007473841554559043,0
293,9362-MWODR,0.8978723404255319,0.10212765957446808,0
294,7446-SFAOA,0.9859154929577465,0.014084507042253521,0
295,4737-AQCPU,0.992526158445441,0.007473841554559043,0
296,9522-ZSINC,0.9859154929577465,0.014084507042253521,0
297,3745-HRPHI,0.992526158445441,0.007473841554559043,0
298,2669-QVCRG,0.6371308016877637,0.3628691983122363,0
299,0980-FEXWF,0.8823529411764706,0.11764705882352941,0
300,6701-YVNQG,0.992526158445441,0.007473841554559043,0
301,1177-XZBJL,0.9414414414414415,0.05855855855855856,0
302,7771-CFQRQ,0.992526158445441,0.007473841554559043,0
303,2252-JHJGE,0.6893203883495146,0.3106796116504854,0
304,0661-KBKPA,0.8823529411764706,0.11764705882352941,0
305,8851-RAGOV,0.8978723404255319,0.10212765957446808,0
306,6979-TNDEU,0.8166666666666667,0.18333333333333332,0
307,2072-ZVJJX,0.992526158445441,0.007473841554559043,0
308,1222-KJNZD,0.8978723404255319,0.10212765957446808,0
309,9372-TXXPS,0.992526158445441,0.007473841554559043,0
310,5982-PSMKW,0.992526158445441,0.007473841554559043,0
311,2495-KZNFB,0.4713804713804714,0.5286195286195287,1
312,0207-MDKNV,0.448559670781893,0.551440329218107,1
313,1346-PJWTK,0.8636363636363636,0.13636363636363635,0
314,3758-CKOQL,0.6893203883495146,0.3106796116504854,0
315,6959-GQEGV,0.8978723404255319,0.10212765957446808,0
316,2604-IJPDU,0.4713804713804714,0.5286195286195287,1
317,6174-NRBTZ,0.9414414414414415,0.05855855855855856,0
318,6323-AYBRX,0.992526158445441,0.007473841554559043,0
319,0048-PIHNL,0.9859154929577465,0.014084507042253521,0
320,7811-JIVPF,0.8978723404255319,0.10212765957446808,0
321,7729-JTEEC,0.4158415841584158,0.5841584158415841,1
322,5846-ABOBJ,0.992526158445441,0.007473841554559043,0
323,9221-OTIVJ,0.28761061946902655,0.7123893805309734,1
324,2889-FPWRM,1.0,0.0,0
325,7945-HLKEA,0.9414414414414415,0.05855855855855856,0
326,9367-TCUYN,0.8166666666666667,0.18333333333333332,0
327,2277-BKJKN,0.9310344827586207,0.06896551724137931,0
328,7633-MVPUY,0.875,0.125,0
329,4315-MURBD,0.448559670781893,0.551440329218107,1
330,0734-OXWBT,0.6363636363636364,0.36363636363636365,0
331,8714-EUHJO,0.4713804713804714,0.5286195286195287,1
332,0818-OCPZO,0.4713804713804714,0.5286195286195287,1
333,0021-IKXGC,0.13380281690140844,0.8661971830985915,1
334,8383-SGHJU,0.9414414414414415,0.05855855855855856,0
335,6347-DCUIK,0.28761061946902655,0.7123893805309734,1
336,1976-CFOCS,0.4158415841584158,0.5841584158415841,1
337,4854-CIDCF,0.448559670781893,0.551440329218107,1
338,9127-QRZMH,0.9414414414414415,0.05855855855855856,0
339,1196-AMORA,0.28761061946902655,0.7123893805309734,1
340,6713-OKOMC,0.43478260869565216,0.5652173913043478,1
341,9820-RMCQV,0.8166666666666667,0.18333333333333332,0
342,5902-WBLSE,0.992526158445441,0.007473841554559043,0
343,7563-BIUPC,0.448559670781893,0.551440329218107,1
344,7683-CBDKJ,0.8166666666666667,0.18333333333333332,0
345,6522-OIQSX,0.992526158445441,0.007473841554559043,0
346,0388-EOPEX,0.448559670781893,0.551440329218107,1
347,7921-BEPCI,0.992526158445441,0.007473841554559043,0
348,8859-DZTGQ,0.992526158445441,0.007473841554559043,0
349,3683-QKIUE,0.8166666666666667,0.18333333333333332,0
350,2144-ESWKO,0.9414414414414415,0.05855855855855856,0
351,5057-RKGLH,0.992526158445441,0.007473841554559043,0
352,2692-PFYTJ,0.8227848101265823,0.17721518987341772,0
353,3021-VLNRJ,0.9414414414414415,0.05855855855855856,0
354,1045-LTCYT,0.8166666666666667,0.18333333333333332,0
355,7401-JIXNM,0.992526158445441,0.007473841554559043,0
356,2657-VPXTA,0.448559670781893,0.551440329218107,1
357,5022-KVDQT,0.4713804713804714,0.5286195286195287,1
358,2305-MRGLV,0.6371308016877637,0.3628691983122363,0
359,3865-YIOTT,1.0,0.0,0
360,9577-WJVCQ,0.8978723404255319,0.10212765957446808,0
361,3847-BAERP,0.8166666666666667,0.18333333333333332,0
362,4032-RMHCI,0.9414414414414415,0.05855855855855856,0
363,7658-UYUQS,0.6371308016877637,0.3628691983122363,0
364,9274-UARKJ,0.448559670781893,0.551440329218107,1
365,0847-HGRML,0.992526158445441,0.007473841554559043,0
366,6078-VESFR,0.448559670781893,0.551440329218107,1
367,4223-WOZCM,0.4158415841584158,0.5841584158415841,1
368,0942-KOWSM,0.992526158445441,0.007473841554559043,0
369,7789-HKSBS,0.6893203883495146,0.3106796116504854,0
370,9432-RUVSL,0.8412698412698413,0.15873015873015872,0
371,3644-QXEHN,0.448559670781893,0.551440329218107,1
372,4683-WYDOU,0.9310344827586207,0.06896551724137931,0
373,0925-VYDLG,0.28761061946902655,0.7123893805309734,1
374,2960-NKRSO,0.4713804713804714,0.5286195286195287,1
375,2639-UGMAZ,0.9414414414414415,0.05855855855855856,0
376,2898-LSJGD,0.9414414414414415,0.05855855855855856,0
377,2884-GBPFB,0.4713804713804714,0.5286195286195287,1
378,4659-NZRUF,0.4713804713804714,0.5286195286195287,1
379,0867-LDTTC,0.6363636363636364,0.36363636363636365,0
380,7781-EWARA,0.8823529411764706,0.11764705882352941,0
381,4822-RVYBB,0.28761061946902655,0.7123893805309734,1
382,9800-OUIGR,0.992526158445441,0.007473841554559043,0
383,3533-UVMOM,0.992526158445441,0.007473841554559043,0
384,8457-XIGKN,0.8978723404255319,0.10212765957446808,0
385,2990-OGYTD,0.992526158445441,0.007473841554559043,0
386,5203-XEHAX,0.9414414414414415,0.05855855855855856,0
387,8295-KMENE,0.992526158445441,0.007473841554559043,0
388,8720-RQSBJ,0.4158415841584158,0.5841584158415841,1
389,9799-CAYJJ,0.448559670781893,0.551440329218107,1
390,3717-OFRTN,0.5760869565217391,0.42391304347826086,0
391,2868-MZAGQ,0.13380281690140844,0.8661971830985915,1
392,8606-OEGQZ,0.992526158445441,0.007473841554559043,0
393,9065-ZCPQX,0.992526158445441,0.007473841554559043,0
394,4587-NUKOX,0.448559670781893,0.551440329218107,1
395,8985-OOPOS,0.8823529411764706,0.11764705882352941,0
396,7636-OWBPG,0.7563025210084033,0.24369747899159663,0
397,5825-XJOCM,0.9414414414414415,0.05855855855855856,0
398,4183-WCSEP,0.4713804713804714,0.5286195286195287,1
399,5275-PMFUT,0.992526158445441,0.007473841554559043,0
400,1751-NCDLI,0.4713804713804714,0.5286195286195287,1
401,6693-DJWTY,0.9414414414414415,0.05855855855855856,0
402,4002-BQWPQ,0.8978723404255319,0.10212765957446808,0
403,6954-OOYZZ,0.8978723404255319,0.10212765957446808,0
404,9039-RBEEE,0.7563025210084033,0.24369747899159663,0
405,5170-PTRKA,0.9414414414414415,0.05855855855855856,0
406,7346-MEDWM,0.7090909090909091,0.2909090909090909,0
407,5233-GEEAX,0.43478260869565216,0.5652173913043478,1
408,3511-APPBJ,0.8412698412698413,0.15873015873015872,0
409,7143-BQIBA,0.8166666666666667,0.18333333333333332,0
410,2967-MXRAV,0.9859154929577465,0.014084507042253521,0
411,7473-ZBDSN,0.992526158445441,0.007473841554559043,0
412,0265-EDXBD,0.4713804713804714,0.5286195286195287,1
413,1386-ZIKUV,0.8166666666666667,0.18333333333333332,0
414,0420-BWTPW,0.43478260869565216,0.5652173913043478,1
415,1009-IRMNA,0.8166666666666667,0.18333333333333332,0
416,3938-YFPXD,0.992526158445441,0.007473841554559043,0
417,3727-OWVYD,0.9414414414414415,0.05855855855855856,0
418,5937-EORGB,0.28761061946902655,0.7123893805309734,1
419,2791-SFVEW,0.8166666666666667,0.18333333333333332,0
420,0980-PVMRC,0.7563025210084033,0.24369747899159663,0
421,3648-GZPHF,0.8823529411764706,0.11764705882352941,0
422,9677-AVKED,0.8823529411764706,0.11764705882352941,0
423,1576-PFZIW,0.7547169811320755,0.24528301886792453,0
424,9462-MJUAW,0.4158415841584158,0.5841584158415841,1
425,7511-YMXVQ,0.7563025210084033,0.24369747899159663,0
426,7128-GGCNO,0.6371308016877637,0.3628691983122363,0
427,7492-TAFJD,0.992526158445441,0.007473841554559043,0
428,8901-UPRHR,1.0,0.0,0
429,5044-XDPYX,0.992526158445441,0.007473841554559043,0
430,1010-DIAUQ,0.448559670781893,0.551440329218107,1
431,2691-NZETQ,0.28761061946902655,0.7123893805309734,1
432,7586-ZATGZ,0.4713804713804714,0.5286195286195287,1
433,1810-MVMAI,0.8978723404255319,0.10212765957446808,0
434,7296-PIXQY,0.448559670781893,0.551440329218107,1
435,9985-MWVIX,0.13380281690140844,0.8661971830985915,1
436,7028-DVOIQ,0.4713804713804714,0.5286195286195287,1
437,0420-TXVSG,0.992526158445441,0.007473841554559043,0
438,6953-PBDIN,0.992526158445441,0.007473841554559043,0
439,1090-ESELR,1.0,0.0,0
440,8903-XEBGX,0.4158415841584158,0.5841584158415841,1
441,9541-PWTWO,0.992526158445441,0.007473841554559043,0
442,1099-BTKWT,0.9414414414414415,0.05855855855855856,0
443,8807-ARQET,0.7563025210084033,0.24369747899159663,0
444,0673-IGUQO,0.5760869565217391,0.42391304347826086,0
445,0709-TVGUR,0.28761061946902655,0.7123893805309734,1
446,9269-CQOOL,0.4158415841584158,0.5841584158415841,1
447,7798-JVXYM,0.8166666666666667,0.18333333333333332,0
448,7524-VRLPL,0.96,0.04,0
449,8752-IMQOS,0.9859154929577465,0.014084507042253521,0
450,0048-LUMLS,0.8823529411764706,0.11764705882352941,0
451,6410-LEFEN,0.8166666666666667,0.18333333333333332,0
452,5149-TGWDZ,0.6893203883495146,0.3106796116504854,0
453,5514-YQENT,0.6893203883495146,0.3106796116504854,0
454,3063-QFSZL,0.4158415841584158,0.5841584158415841,1
455,4458-KVRBJ,0.992526158445441,0.007473841554559043,0
456,6631-HMANX,0.992526158445441,0.007473841554559043,0
457,3069-SSVSN,0.8823529411764706,0.11764705882352941,0
458,4366-CTOUZ,0.8412698412698413,0.15873015873015872,0
459,4685-ERGHK,0.8823529411764706,0.11764705882352941,0
460,5756-OZRIO,0.8823529411764706,0.11764705882352941,0
461,3845-JHAMY,0.7563025210084033,0.24369747899159663,0
462,5935-FCCNB,0.4713804713804714,0.5286195286195287,1
463,3468-DRVQJ,0.9414414414414415,0.05855855855855856,0
464,3583-KRKMD,0.6371308016877637,0.3628691983122363,0
465,2419-FSORS,1.0,0.0,0
466,1357-BIJKI,0.8412698412698413,0.15873015873015872,0
467,4480-QQRHC,0.448559670781893,0.551440329218107,1
468,1589-AGTLK,0.4158415841584158,0.5841584158415841,1
469,9631-XEYKE,0.4158415841584158,0.5841584158415841,1
470,7503-ZGUZJ,0.13380281690140844,0.8661971830985915,1
471,3452-FLHYD,0.9859154929577465,0.014084507042253521,0
472,5219-YIPTK,0.4713804713804714,0.5286195286195287,1
473,5951-AOFIH,0.8978723404255319,0.10212765957446808,0
474,3774-VBNXY,0.992526158445441,0.007473841554559043,0
475,8348-JLBUG,0.9414414414414415,0.05855855855855856,0
476,0396-YCHWO,0.4713804713804714,0.5286195286195287,1
477,5419-JKZNQ,0.6371308016877637,0.3628691983122363,0
478,8808-ELEHO,0.28761061946902655,0.7123893805309734,1
479,4950-HKQTE,0.992526158445441,0.007473841554559043,0
480,6933-FHBZC,0.8823529411764706,0.11764705882352941,0
481,3165-HDOEW,0.4158415841584158,0.5841584158415841,1
482,9097-ZUBYC,0.8166666666666667,0.18333333333333332,0
483,1482-OXZSY,0.6371308016877637,0.3628691983122363,0
484,8946-BFWSG,0.992526158445441,0.007473841554559043,0
485,4256-ZWTZI,0.6363636363636364,0.36363636363636365,0
486,4393-OBCRR,0.9859154929577465,0.014084507042253521,0
487,0074-HDKDG,0.9414414414414415,0.05855855855855856,0
488,0468-YRPXN,0.6371308016877637,0.3628691983122363,0
489,7010-ZMVBF,0.8978723404255319,0.10212765957446808,0
490,5835-BEQEU,0.28761061946902655,0.7123893805309734,1
491,9755-JHNMN,0.992526158445441,0.007473841554559043,0
492,8084-OIVBS,0.9859154929577465,0.014084507042253521,0
493,4039-HEUNW,0.4713804713804714,0.5286195286195287,1
494,3446-QDSZF,0.4158415841584158,0.5841584158415841,1
495,9873-MNDKV,0.8166666666666667,0.18333333333333332,0
496,6341-JVQGF,0.9414414414414415,0.05855855855855856,0
497,8859-YSTWS,0.9859154929577465,0.014084507042253521,0
498,1777-JYQPJ,0.4158415841584158,0.5841584158415841,1
499,2688-BHGOG,0.448559670781893,0.551440329218107,1
500,7032-LMBHI,0.9414414414414415,0.05855855855855856,0
501,6005-OBZPH,0.4713804713804714,0.5286195286195287,1
502,8311-UEUAB,0.875,0.125,0
503,4959-JOSRX,0.4158415841584158,0.5841584158415841,1
504,4927-WWOOZ,0.28761061946902655,0.7123893805309734,1
505,5334-JLAXU,0.8636363636363636,0.13636363636363635,0
506,6322-PJJDJ,0.8412698412698413,0.15873015873015872,0
507,2682-KEVRP,0.9859154929577465,0.014084507042253521,0
508,6905-NIQIN,0.4158415841584158,0.5841584158415841,1
509,6685-XSHHU,0.992526158445441,0.007473841554559043,0
510,6993-YCOBK,0.9310344827586207,0.06896551724137931,0
511,3887-PBQAO,0.8823529411764706,0.11764705882352941,0
512,4697-LUPSU,0.9859154929577465,0.014084507042253521,0
513,9465-RWMXL,0.4713804713804714,0.5286195286195287,1
514,3981-QSVQI,0.8166666666666667,0.18333333333333332,0
515,4451-RWASJ,0.9859154929577465,0.014084507042253521,0
516,2256-YLYLP,0.992526158445441,0.007473841554559043,0
517,9701-CDXHR,0.6371308016877637,0.3628691983122363,0
518,6664-FPDAC,0.6893203883495146,0.3106796116504854,0
519,5351-QESIO,0.4158415841584158,0.5841584158415841,1
520,3258-SANFR,0.8166666666666667,0.18333333333333332,0
521,2968-SSGAA,0.28761061946902655,0.7123893805309734,1
522,1421-HCERK,0.6371308016877637,0.3628691983122363,0
523,7534-BFESC,0.4713804713804714,0.5286195286195287,1
524,1357-MVDOZ,0.8166666666666667,0.18333333333333332,0
525,9548-LERKT,0.992526158445441,0.007473841554559043,0
526,5244-IRFIH,0.4713804713804714,0.5286195286195287,1
527,7982-VCELR,0.6371308016877637,0.3628691983122363,0
528,5727-MYATE,0.992526158445441,0.007473841554559043,0
529,7401-RUBNK,0.4713804713804714,0.5286195286195287,1
530,3999-QGRJH,0.448559670781893,0.551440329218107,1
531,1853-UDXBW,0.13380281690140844,0.8661971830985915,1
532,7434-SHXLS,0.5760869565217391,0.42391304347826086,0
533,5934-RMPOV,0.4713804713804714,0.5286195286195287,1
534,1488-SYSFC,0.8978723404255319,0.10212765957446808,0
535,8065-YKXKD,0.28761061946902655,0.7123893805309734,1
536,5442-PPTJY,0.992526158445441,0.007473841554559043,0
537,4236-UJPWO,0.4158415841584158,0.5841584158415841,1
538,5245-VDBUR,0.9414414414414415,0.05855855855855856,0
539,9796-MVYXX,0.96,0.04,0
540,9507-HSMMZ,0.992526158445441,0.007473841554559043,0
541,5566-SOEZD,0.9414414414414415,0.05855855855855856,0
542,1498-NHTLT,1.0,0.0,0
543,9214-EKVXR,0.4158415841584158,0.5841584158415841,1
544,1895-QTKDO,0.4158415841584158,0.5841584158415841,1
545,6519-CFDBX,0.4158415841584158,0.5841584158415841,1
546,0354-WYROK,0.4713804713804714,0.5286195286195287,1
547,1837-YQUCE,0.992526158445441,0.007473841554559043,0
548,4750-UKWJK,0.9859154929577465,0.014084507042253521,0
549,7766-CLTIC,0.8166666666666667,0.18333333333333332,0
550,9675-ICXCT,1.0,0.0,0
551,2996-XAUVF,0.992526158445441,0.007473841554559043,0
552,0906-QVPMS,1.0,0.0,0
553,7521-YXVZY,0.8227848101265823,0.17721518987341772,0
554,7134-MJPDY,0.9310344827586207,0.06896551724137931,0
555,6075-QMNRR,0.8978723404255319,0.10212765957446808,0
556,0308-GIQJT,0.9310344827586207,0.06896551724137931,0
557,4290-BSXUX,0.28761061946902655,0.7123893805309734,1
558,4851-BQDNX,0.8823529411764706,0.11764705882352941,0
559,7148-XZPHA,0.7090909090909091,0.2909090909090909,0
560,8042-JVNFH,0.13380281690140844,0.8661971830985915,1
561,8237-ULIXL,0.992526158445441,0.007473841554559043,0
562,9092-GDZKO,0.8978723404255319,0.10212765957446808,0
563,6734-CKRSM,0.8227848101265823,0.17721518987341772,0
564,5919-VCZYM,0.8227848101265823,0.17721518987341772,0
565,4026-SKKHW,0.6363636363636364,0.36363636363636365,0
566,3398-FSHON,0.28761061946902655,0.7123893805309734,1
567,7459-IMVYU,0.8978723404255319,0.10212765957446808,0
568,5921-NGYRH,0.8636363636363636,0.13636363636363635,0
569,8679-LZBMD,0.8823529411764706,0.11764705882352941,0
570,9229-RQABD,0.9859154929577465,0.014084507042253521,0
571,9514-JDSKI,0.4158415841584158,0.5841584158415841,1
572,7838-LAZFO,0.9414414414414415,0.05855855855855856,0
573,6715-OFDBP,0.4158415841584158,0.5841584158415841,1
574,7895-VONWT,0.7563025210084033,0.24369747899159663,0
575,6328-ZPBGN,0.28761061946902655,0.7123893805309734,1
576,4631-OACRM,0.448559670781893,0.551440329218107,1
577,8573-JGCZW,0.9859154929577465,0.014084507042253521,0
578,5402-HTOTQ,0.8166666666666667,0.18333333333333332,0
579,4962-CHQPW,0.9859154929577465,0.014084507042253521,0
580,0851-DFJKB,0.8166666666666667,0.18333333333333332,0
581,5478-JJVZK,0.8978723404255319,0.10212765957446808,0
582,7470-DYNOE,0.8823529411764706,0.11764705882352941,0
583,4139-JPIAM,0.7563025210084033,0.24369747899159663,0
584,9396-ZSFLL,0.8166666666666667,0.18333333333333332,0
585,8630-QSGXK,0.992526158445441,0.007473841554559043,0
586,2400-XIWIO,1.0,0.0,0
587,9650-VBUOG,0.992526158445441,0.007473841554559043,0
588,3810-PJUHR,0.992526158445441,0.007473841554559043,0
589,5956-YHHRX,0.4713804713804714,0.5286195286195287,1
590,8622-ZLFKO,0.28761061946902655,0.7123893805309734,1
591,9531-NSBMR,0.9859154929577465,0.014084507042253521,0
592,9903-LYSAB,0.4713804713804714,0.5286195286195287,1
593,2812-SFXMJ,0.5760869565217391,0.42391304347826086,0
594,8778-LMWTJ,0.448559670781893,0.551440329218107,1
595,2673-CXQEU,0.6893203883495146,0.3106796116504854,0
596,6036-TTFYU,0.8166666666666667,0.18333333333333332,0
597,2096-XOTMO,0.8166666666666667,0.18333333333333332,0
598,7905-NJMXS,0.8166666666666667,0.18333333333333332,0
599,6141-OOXUQ,0.5760869565217391,0.42391304347826086,0
600,1093-YSWCA,0.992526158445441,0.007473841554559043,0
601,4732-RRJZC,0.8166666666666667,0.18333333333333332,0
602,4942-VZZOM,0.9414414414414415,0.05855855855855856,0
603,0750-EBAIU,0.9414414414414415,0.05855855855855856,0
604,4902-OHLSK,0.4713804713804714,0.5286195286195287,1
605,6885-PKOAM,0.992526158445441,0.007473841554559043,0
606,7941-RCJOW,0.992526158445441,0.007473841554559043,0
607,9158-VCTQB,0.6371308016877637,0.3628691983122363,0
608,9866-QEVEE,0.6371308016877637,0.3628691983122363,0
609,3946-JEWRQ,0.8412698412698413,0.15873015873015872,0
610,4628-CTTLA,0.7563025210084033,0.24369747899159663,0
611,4912-PIGUY,0.13380281690140844,0.8661971830985915,1
612,8465-SBRXP,0.8412698412698413,0.15873015873015872,0
613,3913-FCUUW,0.992526158445441,0.007473841554559043,0
614,9170-ARBTB,0.9859154929577465,0.014084507042253521,0
615,1400-MMYXY,0.28761061946902655,0.7123893805309734,1
616,4727-MCYZG,0.4158415841584158,0.5841584158415841,1
617,0376-YMCJC,0.4713804713804714,0.5286195286195287,1
618,9057-SIHCH,0.28761061946902655,0.7123893805309734,1
619,2038-LLMLM,0.4713804713804714,0.5286195286195287,1
620,1930-QPBVZ,0.9310344827586207,0.06896551724137931,0
621,6048-UWKAL,0.9310344827586207,0.06896551724137931,0
622,1184-PJVDB,0.448559670781893,0.551440329218107,1
623,6650-BWFRT,1.0,0.0,0
624,7721-DVEKZ,0.5760869565217391,0.42391304347826086,0
625,8191-XWSZG,0.9859154929577465,0.014084507042253521,0
626,5619-PTMIK,0.8978723404255319,0.10212765957446808,0
627,8158-WPEZG,0.7563025210084033,0.24369747899159663,0
628,9974-JFBHQ,0.8636363636363636,0.13636363636363635,0
629,0870-VEMYL,0.6363636363636364,0.36363636363636365,0
630,7399-QHBJS,0.992526158445441,0.007473841554559043,0
631,3654-ARMGP,0.992526158445441,0.007473841554559043,0
632,1468-DEFNC,0.96,0.04,0
633,6818-WOBHJ,0.8636363636363636,0.13636363636363635,0
634,5546-QUERU,0.9859154929577465,0.014084507042253521,0
635,7717-BICXI,0.992526158445441,0.007473841554559043,0
636,4836-WNFNO,0.992526158445441,0.007473841554559043,0
637,5820-PTRYM,0.9414414414414415,0.05855855855855856,0
638,1963-SVUCV,0.4158415841584158,0.5841584158415841,1
639,4817-VYYWS,0.4713804713804714,0.5286195286195287,1
640,4939-KYYPY,0.8978723404255319,0.10212765957446808,0
641,9135-MGVPY,0.992526158445441,0.007473841554559043,0
642,2282-YGNOR,0.9414414414414415,0.05855855855855856,0
643,8292-TYSPY,0.8978723404255319,0.10212765957446808,0
644,7548-SEPYI,0.448559670781893,0.551440329218107,1
645,8992-JQYUN,0.4158415841584158,0.5841584158415841,1
646,6270-OMFIW,0.8412698412698413,0.15873015873015872,0
647,6427-FEFIG,0.992526158445441,0.007473841554559043,0
648,8938-UMKPI,0.4713804713804714,0.5286195286195287,1
649,0617-AQNWT,0.875,0.125,0
650,0191-ZHSKZ,0.8978723404255319,0.10212765957446808,0
651,6513-EECDB,0.13380281690140844,0.8661971830985915,1
652,9734-YWGEX,0.28761061946902655,0.7123893805309734,1
653,3269-ATYWD,0.6371308016877637,0.3628691983122363,0
654,8089-UZWLX,0.9310344827586207,0.06896551724137931,0
655,1494-EJZDW,0.992526158445441,0.007473841554559043,0
656,4706-DGAHW,0.4158415841584158,0.5841584158415841,1
657,5669-SRAIP,0.4158415841584158,0.5841584158415841,1
658,1902-XBTFB,0.4713804713804714,0.5286195286195287,1
659,7321-PKUYW,0.28761061946902655,0.7123893805309734,1
660,1394-SUIUH,0.4713804713804714,0.5286195286195287,1
661,0531-ZZJWQ,0.7090909090909091,0.2909090909090909,0
662,7067-KSAZT,0.9310344827586207,0.06896551724137931,0
663,5172-RKOCB,1.0,0.0,0
664,9847-HNVGP,0.9859154929577465,0.014084507042253521,0
665,2180-DXNEG,0.448559670781893,0.551440329218107,1
666,5133-POWUA,0.4158415841584158,0.5841584158415841,1
667,5995-SNNEW,0.4713804713804714,0.5286195286195287,1
668,7225-IILWY,0.992526158445441,0.007473841554559043,0
669,6817-WTYHE,0.4158415841584158,0.5841584158415841,1
670,0239-OXEXL,0.6371308016877637,0.3628691983122363,0
671,4395-PZMSN,0.448559670781893,0.551440329218107,1
672,7845-URHJN,0.8166666666666667,0.18333333333333332,0
673,4724-WXVWF,0.4713804713804714,0.5286195286195287,1
674,3026-ATZYV,0.9414414414414415,0.05855855855855856,0
675,6581-NQCBA,0.7563025210084033,0.24369747899159663,0
676,5515-RUGKN,0.8166666666666667,0.18333333333333332,0
677,5628-RKIFK,0.6371308016877637,0.3628691983122363,0
678,2812-ENYMO,0.9414414414414415,0.05855855855855856,0
679,9027-YFHQJ,0.8166666666666667,0.18333333333333332,0
680,9225-BZLNZ,1.0,0.0,0
681,3166-PNEOF,0.992526158445441,0.007473841554559043,0
682,8096-LOIST,0.8978723404255319,0.10212765957446808,0
683,5606-AMZBO,0.28761061946902655,0.7123893805309734,1
684,1442-OKRJE,0.9310344827586207,0.06896551724137931,0
685,6689-TCZHQ,0.448559670781893,0.551440329218107,1
686,7167-PCEYD,0.992526158445441,0.007473841554559043,0
687,3780-DDGSE,0.8978723404255319,0.10212765957446808,0
688,2664-XJZNO,1.0,0.0,0
689,8766-PAFNE,0.992526158445441,0.007473841554559043,0
690,5813-UECBU,0.6371308016877637,0.3628691983122363,0
691,7252-NTGSS,0.4158415841584158,0.5841584158415841,1
692,6015-VVHHE,0.28761061946902655,0.7123893805309734,1
693,7103-ZGVNT,0.9414414414414415,0.05855855855855856,0
694,1676-MQAOA,0.992526158445441,0.007473841554559043,0
695,9411-TPQQV,0.9414414414414415,0.05855855855855856,0
696,4529-CKBCL,0.448559670781893,0.551440329218107,1
697,1697-BCSHV,0.8978723404255319,0.10212765957446808,0
698,4662-EKDPQ,0.4158415841584158,0.5841584158415841,1
699,1855-CFULU,0.8227848101265823,0.17721518987341772,0
700,3914-FDRHP,0.448559670781893,0.551440329218107,1
701,5003-OKNNK,0.9859154929577465,0.014084507042253521,0
702,3908-BLSYF,0.448559670781893,0.551440329218107,1
703,2786-GCDPI,0.4713804713804714,0.5286195286195287,1
704,7295-JOMMD,0.448559670781893,0.551440329218107,1
705,9603-OAIHC,0.13380281690140844,0.8661971830985915,1
706,2834-JKOOW,0.9414414414414415,0.05855855855855856,0
707,8780-IXSTS,0.28761061946902655,0.7123893805309734,1
708,4530-NDRKU,0.9859154929577465,0.014084507042253521,0
709,1866-RZZQS,0.4713804713804714,0.5286195286195287,1
710,3097-NQYSN,0.28761061946902655,0.7123893805309734,1
711,0556-FJEGU,0.992526158445441,0.007473841554559043,0
712,7396-VJUZB,0.4158415841584158,0.5841584158415841,1
713,1265-ZFOSD,0.992526158445441,0.007473841554559043,0
714,8548-AWOFC,0.8978723404255319,0.10212765957446808,0
715,8663-UPDGF,0.8978723404255319,0.10212765957446808,0
716,0940-OUQEC,0.28761061946902655,0.7123893805309734,1
717,4716-MRVEN,0.9859154929577465,0.014084507042253521,0
718,7989-AWGEH,0.7563025210084033,0.24369747899159663,0
719,9728-FTTVZ,0.13380281690140844,0.8661971830985915,1
720,1623-NLDOT,0.8823529411764706,0.11764705882352941,0
721,9845-PEEKO,0.96,0.04,0
722,8455-HIRAQ,0.8166666666666667,0.18333333333333332,0
723,5919-TMRGD,0.13380281690140844,0.8661971830985915,1
724,5318-YKDPV,0.992526158445441,0.007473841554559043,0
725,4475-NVTLU,0.875,0.125,0
726,1112-CUNAO,0.28761061946902655,0.7123893805309734,1
727,3266-FTKHB,0.992526158445441,0.007473841554559043,0
728,4208-UFFGW,0.4158415841584158,0.5841584158415841,1
729,1766-GKNMI,0.4713804713804714,0.5286195286195287,1
730,0206-TBWLC,0.6893203883495146,0.3106796116504854,0
731,1098-TDVUQ,0.5760869565217391,0.42391304347826086,0
732,3524-WQDSG,0.6371308016877637,0.3628691983122363,0
733,6855-VLGOS,0.875,0.125,0
734,7609-NRNCA,0.9859154929577465,0.014084507042253521,0
735,6686-YPGHK,0.6371308016877637,0.3628691983122363,0
736,1360-JYXKQ,0.8412698412698413,0.15873015873015872,0
737,6198-ZFIOJ,0.28761061946902655,0.7123893805309734,1
738,6108-OQZDQ,0.28761061946902655,0.7123893805309734,1
739,4521-YEEHE,0.4713804713804714,0.5286195286195287,1
740,8972-HJWNV,0.28761061946902655,0.7123893805309734,1
741,4115-BNPJY,0.992526158445441,0.007473841554559043,0
742,4013-GUXND,0.5760869565217391,0.42391304347826086,0
743,2257-BOVXD,0.8166666666666667,0.18333333333333332,0
744,9881-VCZEP,0.8978723404255319,0.10212765957446808,0
745,0485-ZBSLN,0.992526158445441,0.007473841554559043,0
746,4770-UEZOX,0.448559670781893,0.551440329218107,1
747,3209-ZPKFI,0.8978723404255319,0.10212765957446808,0
748,7168-HDQHG,0.8978723404255319,0.10212765957446808,0
749,6308-CQRBU,0.7547169811320755,0.24528301886792453,0
750,8878-HMWBV,0.4158415841584158,0.5841584158415841,1
751,0082-LDZUE,0.4158415841584158,0.5841584158415841,1
752,9142-KZXOP,0.6371308016877637,0.3628691983122363,0
753,7905-TVXTA,0.6363636363636364,0.36363636363636365,0
754,1016-DJTSV,0.448559670781893,0.551440329218107,1
755,1866-DIOQZ,0.9414414414414415,0.05855855855855856,0
756,0259-GBZSH,0.28761061946902655,0.7123893805309734,1
757,5977-CKHON,0.6371308016877637,0.3628691983122363,0
758,2270-CHBFN,0.6371308016877637,0.3628691983122363,0
759,9878-TNQGW,0.448559670781893,0.551440329218107,1
760,0953-LGOVU,0.7563025210084033,0.24369747899159663,0
761,6994-FGRHH,0.7547169811320755,0.24528301886792453,0
762,3658-KIBGF,0.4158415841584158,0.5841584158415841,1
763,2674-MLXMN,0.8636363636363636,0.13636363636363635,0
764,0218-QNVAS,0.9310344827586207,0.06896551724137931,0
765,9392-XBGTD,0.992526158445441,0.007473841554559043,0
766,9638-JIQYA,0.4158415841584158,0.5841584158415841,1
767,0895-LNKRC,0.9859154929577465,0.014084507042253521,0
768,0013-SMEOE,0.7547169811320755,0.24528301886792453,0
769,1571-SAVHK,0.28761061946902655,0.7123893805309734,1
770,7180-PISOG,0.13380281690140844,0.8661971830985915,1
771,9360-AHGNL,0.6893203883495146,0.3106796116504854,0
772,1154-HYWWO,0.9414414414414415,0.05855855855855856,0
773,8544-GOQSH,0.448559670781893,0.551440329218107,1
774,5089-IFSDP,0.6893203883495146,0.3106796116504854,0
775,6928-ONTRW,0.992526158445441,0.007473841554559043,0
776,8887-IPQNC,0.8166666666666667,0.18333333333333332,0
777,0947-IDHRQ,0.448559670781893,0.551440329218107,1
778,7566-DSRLQ,1.0,0.0,0
779,7188-CBBBA,0.8412698412698413,0.15873015873015872,0
780,8580-AECUZ,0.13380281690140844,0.8661971830985915,1
781,0585-EGDDA,0.4713804713804714,0.5286195286195287,1
782,5296-PSYVW,0.875,0.125,0
783,0135-NMXAP,0.28761061946902655,0.7123893805309734,1
784,6710-HSJRD,0.7090909090909091,0.2909090909090909,0
785,1729-VLAZJ,0.9414414414414415,0.05855855855855856,0
786,7812-FZHPE,0.8978723404255319,0.10212765957446808,0
787,5876-HZVZM,0.8166666666666667,0.18333333333333332,0
788,5131-PONJI,0.6371308016877637,0.3628691983122363,0
789,5726-CVNYA,0.992526158445441,0.007473841554559043,0
790,5863-OOKCL,0.8166666666666667,0.18333333333333332,0
791,2982-IHMFT,0.13380281690140844,0.8661971830985915,1
792,0595-ITUDF,0.7090909090909091,0.2909090909090909,0
793,3957-LXOLK,0.4713804713804714,0.5286195286195287,1
794,7668-XCFYV,0.4713804713804714,0.5286195286195287,1
795,7593-JNWRU,0.8166666666666667,0.18333333333333332,0
796,1396-QWFBJ,0.6371308016877637,0.3628691983122363,0
797,3132-TVFDZ,0.7563025210084033,0.24369747899159663,0
798,1839-FBNFR,0.992526158445441,0.007473841554559043,0
799,8705-WZCYL,0.4158415841584158,0.5841584158415841,1
800,6963-EZQEE,0.96,0.04,0
801,1904-WAJAA,0.875,0.125,0
802,3727-JEZTU,0.5760869565217391,0.42391304347826086,0
803,1187-WILMM,0.992526158445441,0.007473841554559043,0
804,1229-RCALF,0.9310344827586207,0.06896551724137931,0
805,1270-XKUCC,0.992526158445441,0.007473841554559043,0
806,9236-NDUCW,0.992526158445441,0.007473841554559043,0
807,4465-VDKIQ,0.4713804713804714,0.5286195286195287,1
808,8008-HAWED,0.7563025210084033,0.24369747899159663,0
809,7450-NWRTR,0.28761061946902655,0.7123893805309734,1
810,6732-VAILE,0.992526158445441,0.007473841554559043,0
811,5575-GNVDE,0.9414414414414415,0.05855855855855856,0
812,9752-ZNQUT,0.4158415841584158,0.5841584158415841,1
813,3454-JFUBC,0.96,0.04,0
814,6407-UTSLV,0.448559670781893,0.551440329218107,1
815,6656-JWRQX,0.6363636363636364,0.36363636363636365,0
816,4999-IEZLT,0.8823529411764706,0.11764705882352941,0
817,0907-HQNTS,0.7547169811320755,0.24528301886792453,0
818,7590-VHVEG,0.4158415841584158,0.5841584158415841,1
819,1060-ENTOF,0.9310344827586207,0.06896551724137931,0
820,3457-PQBYH,0.992526158445441,0.007473841554559043,0
821,5619-XZZKR,0.9859154929577465,0.014084507042253521,0
822,5555-RNPGT,0.8166666666666667,0.18333333333333332,0
823,0780-XNZFN,0.992526158445441,0.007473841554559043,0
824,3374-LXDEV,0.28761061946902655,0.7123893805309734,1
825,5133-VRSAB,0.43478260869565216,0.5652173913043478,1
826,9388-ZEYVT,0.8823529411764706,0.11764705882352941,0
827,9909-DFRJA,0.8412698412698413,0.15873015873015872,0
828,8577-QSOCG,0.992526158445441,0.007473841554559043,0
829,2137-DQMEV,0.9414414414414415,0.05855855855855856,0
830,4274-DRSQT,0.8823529411764706,0.11764705882352941,0
831,2758-RNWXS,0.9414414414414415,0.05855855855855856,0
832,5671-UUNXD,0.8412698412698413,0.15873015873015872,0
833,0247-SLUJI,0.5760869565217391,0.42391304347826086,0
834,9919-FZDED,0.96,0.04,0
835,5840-NVDCG,0.992526158445441,0.007473841554559043,0
836,4521-WFJAI,0.992526158445441,0.007473841554559043,0
837,9860-LISIZ,0.8978723404255319,0.10212765957446808,0
838,7734-DBOAI,0.6363636363636364,0.36363636363636365,0
839,0057-QBUQH,0.875,0.125,0
840,6298-QDFNH,0.4713804713804714,0.5286195286195287,1
841,1757-TCATG,0.9859154929577465,0.014084507042253521,0
842,6838-YAUVY,0.8412698412698413,0.15873015873015872,0
843,2369-FEVNO,0.5760869565217391,0.42391304347826086,0
844,1169-WCVAK,0.6371308016877637,0.3628691983122363,0
845,8559-CIZFV,0.9414414414414415,0.05855855855855856,0
846,9068-VPWQQ,0.992526158445441,0.007473841554559043,0
847,6543-XRMYR,0.4713804713804714,0.5286195286195287,1
848,8722-PRFDV,0.992526158445441,0.007473841554559043,0
849,6233-HXJMX,0.6371308016877637,0.3628691983122363,0
850,9668-PUGNU,0.875,0.125,0
851,7074-IEVOJ,0.28761061946902655,0.7123893805309734,1
852,3506-OVLKD,0.8823529411764706,0.11764705882352941,0
853,3992-YWPKO,0.28761061946902655,0.7123893805309734,1
854,3128-YOVTD,0.6371308016877637,0.3628691983122363,0
855,7389-KBFIT,0.4158415841584158,0.5841584158415841,1
856,4622-YNKIJ,1.0,0.0,0
857,3778-FOAQW,0.9859154929577465,0.014084507042253521,0
858,3146-JTQHR,0.9859154929577465,0.014084507042253521,0
859,3945-GFWQL,0.8166666666666667,0.18333333333333332,0
860,3987-KQDDU,0.448559670781893,0.551440329218107,1
861,6243-OZGFH,0.7563025210084033,0.24369747899159663,0
862,7817-BOQPW,0.28761061946902655,0.7123893805309734,1
863,8388-FYNPZ,0.4158415841584158,0.5841584158415841,1
864,4703-MQYKT,0.992526158445441,0.007473841554559043,0
865,3284-SVCRO,0.992526158445441,0.007473841554559043,0
866,8847-GEOOQ,0.7563025210084033,0.24369747899159663,0
867,9581-GVBXT,0.9414414414414415,0.05855855855855856,0
868,8350-NYMVI,0.7563025210084033,0.24369747899159663,0
869,6352-TWCAU,0.4713804713804714,0.5286195286195287,1
870,8044-BGWPI,0.8166666666666667,0.18333333333333332,0
871,5834-ASPWA,0.13380281690140844,0.8661971830985915,1
872,5884-GCYMI,0.13380281690140844,0.8661971830985915,1
873,7909-FIOIY,0.7563025210084033,0.24369747899159663,0
874,7055-JCGNI,0.7547169811320755,0.24528301886792453,0
875,1658-XUHBX,0.8636363636363636,0.13636363636363635,0
876,5590-BYNII,0.4713804713804714,0.5286195286195287,1
877,6518-PPLMZ,0.992526158445441,0.007473841554559043,0
878,9824-BEMCV,0.4713804713804714,0.5286195286195287,1
879,1813-JYWTO,0.992526158445441,0.007473841554559043,0
880,4350-ZTLPI,0.6893203883495146,0.3106796116504854,0
881,9507-EXLTT,0.13380281690140844,0.8661971830985915,1
882,5766-XQXMQ,0.8978723404255319,0.10212765957446808,0
883,0106-UGRDO,0.7547169811320755,0.24528301886792453,0
884,4257-GAESD,0.43478260869565216,0.5652173913043478,1
885,6683-VLCTZ,0.4713804713804714,0.5286195286195287,1
886,0970-ETWGE,0.13380281690140844,0.8661971830985915,1
887,8679-JOEVF,0.8166666666666667,0.18333333333333332,0
888,4883-QICIH,0.6371308016877637,0.3628691983122363,0
889,7156-MXBJE,0.8823529411764706,0.11764705882352941,0
890,7216-EWTRS,0.13380281690140844,0.8661971830985915,1
891,3370-HXOPH,0.28761061946902655,0.7123893805309734,1
892,8963-JLGJT,0.4158415841584158,0.5841584158415841,1
893,1602-IJQQE,0.28761061946902655,0.7123893805309734,1
894,3791-LGQCY,0.8636363636363636,0.13636363636363635,0
895,4255-DDUOU,0.5760869565217391,0.42391304347826086,0
896,3487-EARAT,0.9414414414414415,0.05855855855855856,0
897,2903-YYTBW,0.4158415841584158,0.5841584158415841,1
898,5688-KZTSN,0.8166666666666667,0.18333333333333332,0
899,4282-YMKNA,0.28761061946902655,0.7123893805309734,1
900,8942-DBMHZ,0.8166666666666667,0.18333333333333332,0
901,8097-OMULG,0.8823529411764706,0.11764705882352941,0
902,5701-ZIKJE,0.8166666666666667,0.18333333333333332,0
903,3144-KMTWZ,0.8636363636363636,0.13636363636363635,0
904,4808-YNLEU,0.9414414414414415,0.05855855855855856,0
905,2232-DMLXU,0.4158415841584158,0.5841584158415841,1
906,1934-SJVJK,0.5760869565217391,0.42391304347826086,0
907,8197-BFWVU,0.992526158445441,0.007473841554559043,0
908,5126-RCXYW,0.992526158445441,0.007473841554559043,0
909,5996-DAOQL,0.5760869565217391,0.42391304347826086,0
910,0030-FNXPP,0.8227848101265823,0.17721518987341772,0
911,4510-PYUSH,0.8978723404255319,0.10212765957446808,0
912,6322-HRPFA,0.8978723404255319,0.10212765957446808,0
913,2057-ZBLPD,0.4713804713804714,0.5286195286195287,1
914,8329-GWVPJ,0.6371308016877637,0.3628691983122363,0
915,3845-FXCYS,0.8227848101265823,0.17721518987341772,0
916,9497-QCMMS,0.13380281690140844,0.8661971830985915,1
917,1080-BWSYE,0.96,0.04,0
918,5519-NPHVG,0.28761061946902655,0.7123893805309734,1
919,5063-IUOKK,0.992526158445441,0.007473841554559043,0
920,8450-LUGUK,0.992526158445441,0.007473841554559043,0
921,7613-LLQFO,0.28761061946902655,0.7123893805309734,1
922,3158-MOERK,0.28761061946902655,0.7123893805309734,1
923,0979-PHULV,0.8636363636363636,0.13636363636363635,0
924,5680-LQOGP,0.992526158445441,0.007473841554559043,0
925,8620-RJPZN,0.5760869565217391,0.42391304347826086,0
926,4390-KYULV,0.8227848101265823,0.17721518987341772,0
927,1608-GMEWB,0.6371308016877637,0.3628691983122363,0
928,3635-JBPSG,0.992526158445441,0.007473841554559043,0
929,5542-NKVRU,0.992526158445441,0.007473841554559043,0
930,7037-MTYVW,0.992526158445441,0.007473841554559043,0
931,9992-UJOEL,0.4158415841584158,0.5841584158415841,1
932,2987-BJXIK,0.992526158445441,0.007473841554559043,0
933,0516-QREYC,0.8978723404255319,0.10212765957446808,0
934,7693-LCKZL,0.28761061946902655,0.7123893805309734,1
935,6486-LHTMA,0.8823529411764706,0.11764705882352941,0
936,3419-SNJJD,0.8636363636363636,0.13636363636363635,0
937,3967-VQOGC,0.992526158445441,0.007473841554559043,0
938,5348-CAGXB,0.28761061946902655,0.7123893805309734,1
939,6625-UTXEW,0.8166666666666667,0.18333333333333332,0
940,2667-WYLWJ,0.9859154929577465,0.014084507042253521,0
941,9819-FBNSV,0.6371308016877637,0.3628691983122363,0
942,0519-XUZJU,0.13380281690140844,0.8661971830985915,1
943,9821-BESNZ,0.9310344827586207,0.06896551724137931,0
944,4986-MXSFP,0.8227848101265823,0.17721518987341772,0
945,0191-EQUUH,0.992526158445441,0.007473841554559043,0
946,4660-IRIBM,0.6371308016877637,0.3628691983122363,0
947,8095-WANWK,0.8166666666666667,0.18333333333333332,0
948,9501-UKKNL,0.7563025210084033,0.24369747899159663,0
949,9688-YGXVR,0.6371308016877637,0.3628691983122363,0
950,1612-EOHDH,0.4158415841584158,0.5841584158415841,1
951,5730-RIITO,0.7563025210084033,0.24369747899159663,0
952,0208-BPQEJ,0.8166666666666667,0.18333333333333332,0
953,1241-FPMOF,0.992526158445441,0.007473841554559043,0
954,1984-FCOWB,0.7547169811320755,0.24528301886792453,0
955,7041-TXQJH,0.7563025210084033,0.24369747899159663,0
956,4853-RULSV,0.9310344827586207,0.06896551724137931,0
957,7253-UVNDW,0.992526158445441,0.007473841554559043,0
958,3536-IQCTX,0.4713804713804714,0.5286195286195287,1
959,9943-VSZUV,0.8636363636363636,0.13636363636363635,0
960,9089-UOWJG,0.8166666666666667,0.18333333333333332,0
961,2452-KDRRH,0.8636363636363636,0.13636363636363635,0
962,7598-UAASY,0.448559670781893,0.551440329218107,1
963,5130-YPIRV,0.992526158445441,0.007473841554559043,0
964,8429-XIBUM,0.6371308016877637,0.3628691983122363,0
965,5702-SKUOB,0.8227848101265823,0.17721518987341772,0
966,3716-BDVDB,0.13380281690140844,0.8661971830985915,1
967,8665-UTDHZ,0.4158415841584158,0.5841584158415841,1
968,7841-FCRQD,0.8823529411764706,0.11764705882352941,0
969,4903-UYAVB,0.8227848101265823,0.17721518987341772,0
970,5129-HHMZC,0.992526158445441,0.007473841554559043,0
971,6458-CYIDZ,0.448559670781893,0.551440329218107,1
972,9073-ZZIAY,1.0,0.0,0
973,3404-JNXAX,0.4713804713804714,0.5286195286195287,1
974,6121-VZNQB,0.5760869565217391,0.42391304347826086,0
975,3672-YITQD,0.4713804713804714,0.5286195286195287,1
976,6505-OZNPG,0.992526158445441,0.007473841554559043,0
977,0289-IVARM,0.8978723404255319,0.10212765957446808,0
978,0164-XAIRP,0.992526158445441,0.007473841554559043,0
979,7284-BUYEC,0.4158415841584158,0.5841584158415841,1
980,2516-XSJKX,0.875,0.125,0
981,8138-EALND,0.8166666666666667,0.18333333333333332,0
982,6288-LBEAR,0.6371308016877637,0.3628691983122363,0
983,3858-VOBET,0.4713804713804714,0.5286195286195287,1
984,8316-BBQAY,0.992526158445441,0.007473841554559043,0
985,8040-MNRTF,0.13380281690140844,0.8661971830985915,1
986,8731-WBBMB,0.8978723404255319,0.10212765957446808,0
987,3627-FCRDW,0.448559670781893,0.551440329218107,1
988,7139-JZFVG,0.992526158445441,0.007473841554559043,0
989,8167-GJLRN,0.6363636363636364,0.36363636363636365,0
990,7890-VYYWG,0.4158415841584158,0.5841584158415841,1
991,9386-LDCZR,0.9414414414414415,0.05855855855855856,0
992,4950-BDEUX,0.7563025210084033,0.24369747899159663,0
993,3902-MIVLE,0.992526158445441,0.007473841554559043,0
994,1139-WUOAH,0.992526158445441,0.007473841554559043,0
995,5986-WWXDV,0.9859154929577465,0.014084507042253521,0
996,4815-GBTCD,0.4158415841584158,0.5841584158415841,1
997,3549-ZTMNH,0.992526158445441,0.007473841554559043,0
998,4884-LEVMQ,0.992526158445441,0.007473841554559043,0
999,5419-CONWX,0.448559670781893,0.551440329218107,1
1000,8612-GXIDD,0.992526158445441,0.007473841554559043,0
1001,4412-YLTKF,0.4713804713804714,0.5286195286195287,1
1002,0559-CKHUS,0.992526158445441,0.007473841554559043,0
1003,2004-OCQXK,0.13380281690140844,0.8661971830985915,1
1004,5707-ZMDJP,0.992526158445441,0.007473841554559043,0
1005,6904-JLBGY,1.0,0.0,0
1006,3678-MNGZX,0.992526158445441,0.007473841554559043,0
1007,9838-BFCQT,0.992526158445441,0.007473841554559043,0
1008,1951-IEYXM,0.992526158445441,0.007473841554559043,0
1009,0895-DQHEW,0.7090909090909091,0.2909090909090909,0
1010,3439-GVUSX,0.4158415841584158,0.5841584158415841,1
1011,6253-GNHWH,0.992526158445441,0.007473841554559043,0
1012,2346-DJQTB,0.7563025210084033,0.24369747899159663,0
1013,5968-HYJRZ,0.992526158445441,0.007473841554559043,0
1014,3645-DEYGF,0.5760869565217391,0.42391304347826086,0
1015,1346-UFHAX,0.28761061946902655,0.7123893805309734,1
1016,3500-NSDOA,0.992526158445441,0.007473841554559043,0
1017,3733-UOCWF,0.8823529411764706,0.11764705882352941,0
1018,4304-TSPVK,0.7547169811320755,0.24528301886792453,0
1019,0128-MKWSG,0.7563025210084033,0.24369747899159663,0
1020,2361-FJWNO,0.8823529411764706,0.11764705882352941,0
1021,3785-NRHYR,0.5760869565217391,0.42391304347826086,0
1022,6419-ZTTLE,0.9859154929577465,0.014084507042253521,0
1023,2831-EBWRN,0.4158415841584158,0.5841584158415841,1
1024,4439-YRNVD,0.7563025210084033,0.24369747899159663,0
1025,1150-FTQGN,0.8412698412698413,0.15873015873015872,0
1026,0567-XRHCU,0.992526158445441,0.007473841554559043,0
1027,8659-HDIYE,0.8978723404255319,0.10212765957446808,0
1028,1561-BWHIN,0.9859154929577465,0.014084507042253521,0
1029,1657-DYMBM,0.992526158445441,0.007473841554559043,0
1030,3398-GCPMU,0.96,0.04,0
1031,6849-OYAMU,0.8412698412698413,0.15873015873015872,0
1032,5906-BFOZT,0.5760869565217391,0.42391304347826086,0
1033,1237-WIYYZ,0.8978723404255319,0.10212765957446808,0
1034,4385-GZQXV,0.4713804713804714,0.5286195286195287,1
1035,2592-YKDIF,0.5760869565217391,0.42391304347826086,0
1036,2974-GGUXS,0.6371308016877637,0.3628691983122363,0
1037,2188-SXWVT,0.9414414414414415,0.05855855855855856,0
1038,7989-CHGTL,0.5760869565217391,0.42391304347826086,0
1039,2988-QRAJY,0.7547169811320755,0.24528301886792453,0
1040,9399-APLBT,0.13380281690140844,0.8661971830985915,1
1041,9637-CDTKZ,1.0,0.0,0
1042,7055-HNEOJ,0.6363636363636364,0.36363636363636365,0
1043,2378-HTWFW,0.6371308016877637,0.3628691983122363,0
1044,0164-APGRB,1.0,0.0,0
1045,5499-ECUTN,0.9414414414414415,0.05855855855855856,0
1046,9618-LFJRU,0.8227848101265823,0.17721518987341772,0
1047,4139-SUGLD,0.7563025210084033,0.24369747899159663,0
1048,3070-FNFZQ,0.992526158445441,0.007473841554559043,0
1049,2777-PHDEI,0.13380281690140844,0.8661971830985915,1
1050,2842-BCQGE,0.6371308016877637,0.3628691983122363,0
1051,6901-GOGZG,1.0,0.0,0
1052,2984-RGEYA,0.992526158445441,0.007473841554559043,0
1053,2530-ENDWQ,0.992526158445441,0.007473841554559043,0
1054,8671-KKKOS,0.7563025210084033,0.24369747899159663,0
1055,8148-NLEGT,0.875,0.125,0
1056,1897-OKVMW,0.992526158445441,0.007473841554559043,0
1057,4816-OKWNX,0.6893203883495146,0.3106796116504854,0
1058,4182-BGSIQ,0.8166666666666667,0.18333333333333332,0
1059,6376-GAHQE,0.448559670781893,0.551440329218107,1
1060,8260-NGFNY,0.4158415841584158,0.5841584158415841,1
1061,8229-TNIQA,0.4158415841584158,0.5841584158415841,1
1062,2236-HILPA,0.992526158445441,0.007473841554559043,0
1063,0248-PGHBZ,0.96,0.04,0
1064,0804-XBFBV,0.43478260869565216,0.5652173913043478,1
1065,0369-ZGOVK,0.8823529411764706,0.11764705882352941,0
1066,7901-HXJVA,0.448559670781893,0.551440329218107,1
1067,2235-ZGKPT,0.4158415841584158,0.5841584158415841,1
1068,3913-RDSJZ,0.992526158445441,0.007473841554559043,0
1069,9643-AVVWI,0.448559670781893,0.551440329218107,1
1070,8149-AIQCG,0.6371308016877637,0.3628691983122363,0
1071,8922-NPKBJ,0.992526158445441,0.007473841554559043,0
1072,4576-CSAJH,0.8823529411764706,0.11764705882352941,0
1073,1121-QSIVB,0.8823529411764706,0.11764705882352941,0
1074,3712-PKXZA,0.9859154929577465,0.014084507042253521,0
1075,4707-YNOQA,0.8823529411764706,0.11764705882352941,0
1076,4361-FEBGN,0.992526158445441,0.007473841554559043,0
1077,0318-QUUOB,0.13380281690140844,0.8661971830985915,1
1078,6576-FBXOJ,0.8823529411764706,0.11764705882352941,0
1079,2479-BRAMR,0.6371308016877637,0.3628691983122363,0
1080,3752-CQSJI,0.8166666666666667,0.18333333333333332,0
1081,6345-FZOQH,0.992526158445441,0.007473841554559043,0
1082,7270-BDIOA,0.4713804713804714,0.5286195286195287,1
1083,8593-WHYHV,0.28761061946902655,0.7123893805309734,1
1084,5372-FBKBN,0.8978723404255319,0.10212765957446808,0
1085,4030-VPZBD,0.6363636363636364,0.36363636363636365,0
1086,6772-KSATR,0.13380281690140844,0.8661971830985915,1
1087,0068-FIGTF,0.8823529411764706,0.11764705882352941,0
1088,6080-LNESI,0.992526158445441,0.007473841554559043,0
1089,1705-GUHPV,0.992526158445441,0.007473841554559043,0
1090,4227-OJHAL,0.9414414414414415,0.05855855855855856,0
1091,0835-JKADZ,0.7547169811320755,0.24528301886792453,0
1092,3785-KTYSH,0.992526158445441,0.007473841554559043,0
1093,9114-AAFQH,0.8823529411764706,0.11764705882352941,0
1094,7605-SNLQG,0.8978723404255319,0.10212765957446808,0
1095,3062-ICYZQ,0.4713804713804714,0.5286195286195287,1
1096,7445-WMRBW,0.8823529411764706,0.11764705882352941,0
1097,9530-GRMJG,1.0,0.0,0
1098,1205-WNWPJ,0.8166666666666667,0.18333333333333332,0
1099,8413-VONUO,0.448559670781893,0.551440329218107,1
1100,6434-TTGJP,0.992526158445441,0.007473841554559043,0
1101,6728-DKUCO,0.8888888888888888,0.1111111111111111,0
1102,2516-VQRRV,0.28761061946902655,0.7123893805309734,1
1103,7315-WYOAW,0.28761061946902655,0.7123893805309734,1
1104,7501-VTYLJ,0.4158415841584158,0.5841584158415841,1
1105,2749-CTKAJ,0.9859154929577465,0.014084507042253521,0
1106,5248-YGIJN,0.992526158445441,0.007473841554559043,0
1107,2178-PMGCJ,0.6371308016877637,0.3628691983122363,0
1108,9314-IJWSQ,0.28761061946902655,0.7123893805309734,1
1109,4338-EYCER,0.8978723404255319,0.10212765957446808,0
1110,7109-MFBYV,0.8978723404255319,0.10212765957446808,0
1111,3318-NMQXL,0.448559670781893,0.551440329218107,1
1112,0186-CAERR,0.7547169811320755,0.24528301886792453,0
1113,4860-IJUDE,0.448559670781893,0.551440329218107,1
1114,3308-JSGML,0.96,0.04,0
1115,9530-EHPOH,0.8166666666666667,0.18333333333333332,0
1116,6305-YLBMM,0.9310344827586207,0.06896551724137931,0
1117,3230-WYKIR,0.8823529411764706,0.11764705882352941,0
1118,9945-PSVIP,0.992526158445441,0.007473841554559043,0
1119,7721-JXEAW,0.7563025210084033,0.24369747899159663,0
1120,3727-RJMEO,0.28761061946902655,0.7123893805309734,1
1121,2230-XTUWL,0.992526158445441,0.007473841554559043,0
1122,5084-OOVCJ,0.8978723404255319,0.10212765957446808,0
1123,8270-RKSAP,0.448559670781893,0.551440329218107,1
1124,8584-KMVXD,0.448559670781893,0.551440329218107,1
1125,5842-POCOP,0.448559670781893,0.551440329218107,1
1126,2805-AUFQN,0.992526158445441,0.007473841554559043,0
1127,7312-XSBAT,0.4158415841584158,0.5841584158415841,1
1128,4983-CCWMC,0.448559670781893,0.551440329218107,1
1129,0804-YGEQV,0.9859154929577465,0.014084507042253521,0
1130,1709-EJDOX,0.992526158445441,0.007473841554559043,0
1131,2277-DJJDL,0.7090909090909091,0.2909090909090909,0
1132,9470-XCCEM,0.6371308016877637,0.3628691983122363,0
1133,3224-DFQNQ,0.9414414414414415,0.05855855855855856,0
1134,7517-LDMPS,0.448559670781893,0.551440329218107,1
1135,8668-KNZTI,0.9414414414414415,0.05855855855855856,0
1136,8207-DMRVL,1.0,0.0,0
1137,6275-YDUVO,0.448559670781893,0.551440329218107,1
1138,0550-DCXLH,0.8166666666666667,0.18333333333333332,0
1139,4365-MSDYN,0.8166666666666667,0.18333333333333332,0
1140,9863-JZAIC,0.8978723404255319,0.10212765957446808,0
1141,7197-VOJMM,0.992526158445441,0.007473841554559043,0
1142,1084-UQCHV,0.13380281690140844,0.8661971830985915,1
1143,9279-CJEOJ,0.6371308016877637,0.3628691983122363,0
1144,0112-QWPNC,0.9414414414414415,0.05855855855855856,0
1145,9095-HFAFX,0.448559670781893,0.551440329218107,1
1146,8873-TMKGR,0.9859154929577465,0.014084507042253521,0
1147,2862-PFNIK,0.4158415841584158,0.5841584158415841,1
1148,7996-BPXHY,0.992526158445441,0.007473841554559043,0
1149,3399-BMLVW,0.992526158445441,0.007473841554559043,0
1150,9128-CPXKI,0.8412698412698413,0.15873015873015872,0
1151,5828-DWPIL,0.7090909090909091,0.2909090909090909,0
1152,7969-AULMZ,0.4713804713804714,0.5286195286195287,1
1153,2603-HVKCG,0.4713804713804714,0.5286195286195287,1
1154,0909-SDHNU,0.43478260869565216,0.5652173913043478,1
1155,9170-CCKOU,0.6371308016877637,0.3628691983122363,0
1156,4080-OGPJL,0.8166666666666667,0.18333333333333332,0
1157,7623-TRNQN,0.6363636363636364,0.36363636363636365,0
1158,6629-LADHQ,0.4158415841584158,0.5841584158415841,1
1159,4652-ODEVH,0.992526158445441,0.007473841554559043,0
1160,9862-KJTYK,0.7563025210084033,0.24369747899159663,0
1161,3934-HXCFZ,0.4713804713804714,0.5286195286195287,1
1162,4419-UJMUS,0.9310344827586207,0.06896551724137931,0
1163,7336-RLLRH,0.9414414414414415,0.05855855855855856,0
1164,3649-JPUGY,0.992526158445441,0.007473841554559043,0
1165,6599-GZWCM,0.8823529411764706,0.11764705882352941,0
1166,1564-HJUVY,0.6363636363636364,0.36363636363636365,0
1167,9199-PWQVC,0.9414414414414415,0.05855855855855856,0
1168,7606-BPHHN,0.992526158445441,0.007473841554559043,0
1169,4317-VTEOA,0.4158415841584158,0.5841584158415841,1
1170,3061-BCKYI,0.8166666666666667,0.18333333333333332,0
1171,7716-YTYHG,0.8823529411764706,0.11764705882352941,0
1172,3352-RICWQ,0.992526158445441,0.007473841554559043,0
1173,0295-QVKPB,0.6363636363636364,0.36363636363636365,0
1174,1764-VUUMT,0.992526158445441,0.007473841554559043,0
1175,5989-OMNJE,0.9414414414414415,0.05855855855855856,0
1176,3247-MHJKM,0.5760869565217391,0.42391304347826086,0
1177,9972-NKTFD,0.8978723404255319,0.10212765957446808,0
1178,2359-KLTEK,0.6371308016877637,0.3628691983122363,0
1179,9231-ZJYAM,0.448559670781893,0.551440329218107,1
1180,4829-ZLJTK,1.0,0.0,0
1181,1047-NNCBF,0.6371308016877637,0.3628691983122363,0
1182,6465-GSRCL,0.9310344827586207,0.06896551724137931,0
1183,8286-AFUYI,0.4158415841584158,0.5841584158415841,1
1184,3092-IGHWF,0.8823529411764706,0.11764705882352941,0
1185,0541-FITGH,0.4158415841584158,0.5841584158415841,1
1186,2203-GHNWN,0.6371308016877637,0.3628691983122363,0
1187,7954-MLBUN,0.8412698412698413,0.15873015873015872,0
1188,2675-DHUTR,0.7090909090909091,0.2909090909090909,0
1189,7824-PANSQ,0.8636363636363636,0.13636363636363635,0
1190,8805-JNRAZ,0.4158415841584158,0.5841584158415841,1
1191,0390-DCFDQ,0.13380281690140844,0.8661971830985915,1
1192,3923-CSIHK,0.4713804713804714,0.5286195286195287,1
1193,9570-KYEUA,0.8412698412698413,0.15873015873015872,0
1194,1075-BGWOH,0.4713804713804714,0.5286195286195287,1
1195,6490-FGZAT,0.8166666666666667,0.18333333333333332,0
1196,1921-KYSAY,0.8823529411764706,0.11764705882352941,0
1197,6732-FZUGP,0.8412698412698413,0.15873015873015872,0
1198,1877-HKBQX,0.9414414414414415,0.05855855855855856,0
1199,9822-WMWVG,0.4713804713804714,0.5286195286195287,1
1200,0877-SDMBN,0.6893203883495146,0.3106796116504854,0
1201,7672-VFMXZ,0.8978723404255319,0.10212765957446808,0
1202,4926-UMJZD,0.8978723404255319,0.10212765957446808,0
1203,4877-TSOFF,0.9414414414414415,0.05855855855855856,0
1204,9391-TTOYH,0.8978723404255319,0.10212765957446808,0
1205,6653-CBBOM,0.13380281690140844,0.8661971830985915,1
1206,7551-DACSP,0.8166666666666667,0.18333333333333332,0
1207,0219-YTZUE,0.28761061946902655,0.7123893805309734,1
1208,0929-PECLO,0.8636363636363636,0.13636363636363635,0
1209,9506-UXUSK,0.448559670781893,0.551440329218107,1
1210,7394-FKDNK,0.448559670781893,0.551440329218107,1
1211,3797-FKOGQ,0.28761061946902655,0.7123893805309734,1
1212,5600-PDUJF,0.8166666666666667,0.18333333333333332,0
1213,6507-ZJSUR,0.4713804713804714,0.5286195286195287,1
1214,5539-HIVAK,0.8978723404255319,0.10212765957446808,0
1215,6848-YLDFR,0.8823529411764706,0.11764705882352941,0
1216,4446-BZKHU,0.7090909090909091,0.2909090909090909,0
1217,0447-BEMNG,0.7563025210084033,0.24369747899159663,0
1218,3813-DHBBB,0.992526158445441,0.007473841554559043,0
1219,7742-MYPGI,0.8166666666666667,0.18333333333333332,0
1220,2274-XUATA,0.96,0.04,0
1221,6652-YFFJO,0.8166666666666667,0.18333333333333332,0
1222,5012-YSPJJ,0.8978723404255319,0.10212765957446808,0
1223,2931-SVLTV,0.6371308016877637,0.3628691983122363,0
1224,6463-MVYRY,0.96,0.04,0
1225,6435-SRWBJ,0.28761061946902655,0.7123893805309734,1
1226,6906-ANDWJ,0.28761061946902655,0.7123893805309734,1
1227,4625-XMOYM,0.992526158445441,0.007473841554559043,0
1228,8963-MQVYN,0.8978723404255319,0.10212765957446808,0
1229,1891-QRQSA,0.9310344827586207,0.06896551724137931,0
1230,3090-LETTY,0.4158415841584158,0.5841584158415841,1
1231,1376-HHBDV,0.8978723404255319,0.10212765957446808,0
1232,7771-ZONAT,0.992526158445441,0.007473841554559043,0
1233,0608-JDVEC,0.875,0.125,0
1234,2925-MXLSX,0.8823529411764706,0.11764705882352941,0
1235,6374-AFWOX,0.992526158445441,0.007473841554559043,0
1236,1125-SNVCK,0.8978723404255319,0.10212765957446808,0
1237,6762-NSODU,0.992526158445441,0.007473841554559043,0
1238,3373-DIUUN,0.992526158445441,0.007473841554559043,0
1239,4102-HLENU,0.992526158445441,0.007473841554559043,0
1240,3346-BRMIS,0.7563025210084033,0.24369747899159663,0
1241,4302-ZYFEL,0.9859154929577465,0.014084507042253521,0
1242,5204-QZXPU,0.7563025210084033,0.24369747899159663,0
1243,9588-OZDMQ,0.4158415841584158,0.5841584158415841,1
1244,3714-XPXBW,0.8978723404255319,0.10212765957446808,0
1245,5766-ZJYBB,0.5760869565217391,0.42391304347826086,0
1246,0637-YLETY,0.6371308016877637,0.3628691983122363,0
1247,1142-WACZW,0.6363636363636364,0.36363636363636365,0
1248,2276-YDAVZ,0.28761061946902655,0.7123893805309734,1
1249,4988-IQIGL,0.13380281690140844,0.8661971830985915,1
1250,4083-EUGRJ,0.8166666666666667,0.18333333333333332,0
1251,2805-EDJPQ,0.8412698412698413,0.15873015873015872,0
1252,9402-ROUMJ,0.9310344827586207,0.06896551724137931,0
1253,0431-APWVY,0.8823529411764706,0.11764705882352941,0
1254,5944-UGLLK,0.8823529411764706,0.11764705882352941,0
1255,5397-TUPSH,0.8823529411764706,0.11764705882352941,0
1256,3551-HUAZH,0.13380281690140844,0.8661971830985915,1
1257,9774-NRNAU,0.8978723404255319,0.10212765957446808,0
1258,9505-SQFSW,0.4158415841584158,0.5841584158415841,1
1259,9817-APLHW,0.8166666666666667,0.18333333333333332,0
1260,1513-XNPPH,0.448559670781893,0.551440329218107,1
1261,3733-ZEECP,0.8978723404255319,0.10212765957446808,0
1262,2697-NQBPF,0.4713804713804714,0.5286195286195287,1
1263,3623-FQBOX,0.8978723404255319,0.10212765957446808,0
1264,9805-FILKB,0.9859154929577465,0.014084507042253521,0
1265,7228-PAQPD,0.8823529411764706,0.11764705882352941,0
1266,0757-WCUUZ,0.992526158445441,0.007473841554559043,0
1267,4111-BNXIF,0.875,0.125,0
1268,6198-RTPMF,0.4713804713804714,0.5286195286195287,1
1269,0930-EHUZA,0.9414414414414415,0.05855855855855856,0
1270,7526-IVLYU,0.8227848101265823,0.17721518987341772,0
1271,3452-GWUIN,0.4713804713804714,0.5286195286195287,1
1272,8400-WZICQ,0.8978723404255319,0.10212765957446808,0
1273,4254-QPEDE,0.992526158445441,0.007473841554559043,0
1274,1023-BQXZE,0.992526158445441,0.007473841554559043,0
1275,5161-XEUVX,0.8412698412698413,0.15873015873015872,0
1276,4250-WAROZ,0.7090909090909091,0.2909090909090909,0
1277,4423-YLHDV,0.6371308016877637,0.3628691983122363,0
1278,9424-CMPOG,0.992526158445441,0.007473841554559043,0
1279,0742-MOABM,0.6363636363636364,0.36363636363636365,0
1280,7706-DZNKK,0.8166666666666667,0.18333333333333332,0
1281,2729-VNVAP,0.992526158445441,0.007473841554559043,0
1282,8404-GFGCZ,0.4158415841584158,0.5841584158415841,1
1283,4335-UPJSI,0.992526158445441,0.007473841554559043,0
1284,4367-NHWMM,0.4158415841584158,0.5841584158415841,1
1285,8630-FJLIB,0.4713804713804714,0.5286195286195287,1
1286,8780-RSYYU,0.8978723404255319,0.10212765957446808,0
1287,6899-PPEEA,0.4713804713804714,0.5286195286195287,1
1288,0774-RMNUW,0.992526158445441,0.007473841554559043,0
1289,1965-DDBWU,0.6371308016877637,0.3628691983122363,0
1290,3212-KXOCR,0.992526158445441,0.007473841554559043,0
1291,0409-WTMPL,0.6893203883495146,0.3106796116504854,0
1292,0867-MKZVY,0.4713804713804714,0.5286195286195287,1
1293,7814-LEEVE,0.5760869565217391,0.42391304347826086,0
1294,7883-ROJOC,0.8978723404255319,0.10212765957446808,0
1295,4825-FUREZ,0.875,0.125,0
1296,5325-UWTWJ,0.6371308016877637,0.3628691983122363,0
1297,3629-WEAAM,0.8166666666666667,0.18333333333333332,0
1298,3345-PBBFH,0.8166666666666667,0.18333333333333332,0
1299,3030-YDNRM,0.28761061946902655,0.7123893805309734,1
1300,2722-JMONI,0.4158415841584158,0.5841584158415841,1
1301,4690-LLKUA,0.8978723404255319,0.10212765957446808,0
1302,4318-RAJVY,0.9859154929577465,0.014084507042253521,0
1303,5371-VYLSX,0.4713804713804714,0.5286195286195287,1
1304,7529-ZDFXI,0.7090909090909091,0.2909090909090909,0
1305,0661-WCQNQ,0.9414414414414415,0.05855855855855856,0
1306,7103-IPXPJ,0.8412698412698413,0.15873015873015872,0
1307,3640-PHQXK,0.4713804713804714,0.5286195286195287,1
1308,9101-NTIXF,0.8227848101265823,0.17721518987341772,0
1309,2475-MROZF,0.6371308016877637,0.3628691983122363,0
1310,8414-MYSHR,0.448559670781893,0.551440329218107,1
1311,6087-YPWHO,0.992526158445441,0.007473841554559043,0
1312,2495-TTHBQ,0.9859154929577465,0.014084507042253521,0
1313,8982-NHAVY,0.8412698412698413,0.15873015873015872,0
1314,3280-MRDOF,0.96,0.04,0
1315,2209-XADXF,0.4158415841584158,0.5841584158415841,1
1316,3569-EDBPQ,0.4713804713804714,0.5286195286195287,1
1317,7654-YWJUF,0.9414414414414415,0.05855855855855856,0
1318,2542-HYGIQ,0.5760869565217391,0.42391304347826086,0
1319,6094-ZIVKX,0.9414414414414415,0.05855855855855856,0
1320,3508-VLHCZ,0.992526158445441,0.007473841554559043,0
1321,2115-BFTIW,0.6371308016877637,0.3628691983122363,0
1322,1925-TIBLE,0.28761061946902655,0.7123893805309734,1
1323,7319-ZNRTR,0.9859154929577465,0.014084507042253521,0
1324,0224-RLWWD,0.4158415841584158,0.5841584158415841,1
1325,4588-YBNIB,0.5760869565217391,0.42391304347826086,0
1326,2223-GDSHL,0.7547169811320755,0.24528301886792453,0
1327,6910-HADCM,0.13380281690140844,0.8661971830985915,1
1328,0921-OHLVP,0.4713804713804714,0.5286195286195287,1
1329,8819-WFGGJ,0.992526158445441,0.007473841554559043,0
1330,3106-ULWFW,0.28761061946902655,0.7123893805309734,1
1331,9018-PCIOK,0.992526158445441,0.007473841554559043,0
1332,6211-WWLTF,0.8412698412698413,0.15873015873015872,0
1333,2684-EIWEO,0.6371308016877637,0.3628691983122363,0
1334,8450-UYIBU,0.7563025210084033,0.24369747899159663,0
1335,6791-YBNAK,0.7563025210084033,0.24369747899159663,0
1336,3254-YRILK,0.4713804713804714,0.5286195286195287,1
1337,4698-KVLLG,0.96,0.04,0
1338,7608-RGIRO,0.992526158445441,0.007473841554559043,0
1339,8547-NSBBO,0.6371308016877637,0.3628691983122363,0
1340,7241-AJHFS,0.6371308016877637,0.3628691983122363,0
1341,7995-ZHHNZ,0.9414414414414415,0.05855855855855856,0
1342,4710-NKCAW,0.6363636363636364,0.36363636363636365,0
1343,6542-LWGXJ,0.4158415841584158,0.5841584158415841,1
1344,1626-ERCMM,0.4713804713804714,0.5286195286195287,1
1345,9208-OLGAQ,0.4713804713804714,0.5286195286195287,1
1346,4369-NYSCF,0.8823529411764706,0.11764705882352941,0
1347,2722-VOJQL,0.9310344827586207,0.06896551724137931,0
1348,3682-YEUWS,0.8166666666666667,0.18333333333333332,0
1349,5018-HEKFO,0.8166666666666667,0.18333333333333332,0
1350,0810-BDHAW,0.9414414414414415,0.05855855855855856,0
1351,3803-KMQFW,0.5760869565217391,0.42391304347826086,0
1352,1455-UGQVH,0.28761061946902655,0.7123893805309734,1
1353,7601-DHFWZ,0.992526158445441,0.007473841554559043,0
1354,3719-TDVQB,0.96,0.04,0
1355,1042-HFUCW,0.8823529411764706,0.11764705882352941,0
1356,7786-WBJYI,0.28761061946902655,0.7123893805309734,1
1357,3023-GFLBR,0.6371308016877637,0.3628691983122363,0
1358,7711-GQBZC,0.992526158445441,0.007473841554559043,0
1359,2091-MJTFX,0.7563025210084033,0.24369747899159663,0
1360,4847-QNOKA,0.4158415841584158,0.5841584158415841,1
1361,8220-OCUFY,0.9414414414414415,0.05855855855855856,0
1362,2379-ENZGV,0.448559670781893,0.551440329218107,1
1363,5759-RCVCB,0.4158415841584158,0.5841584158415841,1
1364,0221-WMXNQ,0.448559670781893,0.551440329218107,1
1365,9600-UDOPK,0.6371308016877637,0.3628691983122363,0
1366,5148-ORICT,0.992526158445441,0.007473841554559043,0
1367,6235-VDHOM,0.4158415841584158,0.5841584158415841,1
1368,2674-MIAHT,0.28761061946902655,0.7123893805309734,1
1369,3129-AAQOU,0.992526158445441,0.007473841554559043,0
1370,0013-MHZWF,0.8166666666666667,0.18333333333333332,0
1371,5887-IKKYO,0.8412698412698413,0.15873015873015872,0
1372,9732-EQMWY,0.4713804713804714,0.5286195286195287,1
1373,8337-MSSXB,0.448559670781893,0.551440329218107,1
1374,0602-DDUML,0.992526158445441,0.007473841554559043,0
1375,8868-WOZGU,0.4713804713804714,0.5286195286195287,1
1376,3197-NNYNB,0.9310344827586207,0.06896551724137931,0
1377,4508-OEBEY,0.9414414414414415,0.05855855855855856,0
1378,8397-MVTAZ,0.4713804713804714,0.5286195286195287,1
1379,8966-SNIZF,0.992526158445441,0.007473841554559043,0
1380,6508-NJYRO,0.9859154929577465,0.014084507042253521,0
1381,5062-CJJKH,0.8823529411764706,0.11764705882352941,0
1382,7663-RGWBC,0.4158415841584158,0.5841584158415841,1
1383,3195-TQDZX,0.8227848101265823,0.17721518987341772,0
1384,5649-ANRML,0.448559670781893,0.551440329218107,1
1385,8033-ATFAS,0.8978723404255319,0.10212765957446808,0
1386,9770-KXGQU,0.8412698412698413,0.15873015873015872,0
1387,0623-IIHUG,0.7563025210084033,0.24369747899159663,0
1388,4598-ZADCK,0.9414414414414415,0.05855855855855856,0
1389,3108-PCCGG,0.96,0.04,0
1390,6769-DYBQN,0.4713804713804714,0.5286195286195287,1
1391,1337-BOZWO,0.8823529411764706,0.11764705882352941,0
1392,7925-PNRGI,0.8978723404255319,0.10212765957446808,0
1393,1768-HNVGJ,0.8978723404255319,0.10212765957446808,0
1394,2823-LKABH,0.6371308016877637,0.3628691983122363,0
1395,7233-IOQNP,0.7563025210084033,0.24369747899159663,0
1396,2731-GJRDG,0.6893203883495146,0.3106796116504854,0
1397,4441-NIHPT,0.448559670781893,0.551440329218107,1
1398,3882-IYOIJ,0.9310344827586207,0.06896551724137931,0
1399,8563-IIOXK,0.9414414414414415,0.05855855855855856,0
1400,1217-VASWC,0.8412698412698413,0.15873015873015872,0
1401,6447-EGDIV,0.9859154929577465,0.014084507042253521,0
1402,9361-YNQWJ,0.9859154929577465,0.014084507042253521,0
1403,4393-RYCRE,0.6893203883495146,0.3106796116504854,0
1404,1597-FZREH,0.6363636363636364,0.36363636363636365,0
1405,9117-SHLZX,0.4158415841584158,0.5841584158415841,1
1406,8441-SHIPE,0.992526158445441,0.007473841554559043,0
1407,3511-BFTJW,0.992526158445441,0.007473841554559043,0
1408,1428-GTBJJ,0.448559670781893,0.551440329218107,1
